status,partNumber,application,oem,category,subcategory,sourceUrl,officialImageUrl,imageFile,mrp,sellingPrice,stock
READY,M-854,TATA 1612 / 1613 / 1614 / 1109 / 909 / 709 / 2515 TURBO POWER STEERING BS-II 697 TURBO / EURO II ENG.,2525 2010 0124,Automotive Water Pump Assemblies,Heavy Trucks And Buses,https://mekoautoindia.com/product/m-854,https://mekoautoindia.com/image/catalog/product_images/M-854.2.png,M-854.png,,,0
READY,M-854 BIG SINGLE BRG.,TATA 709 / 909 BS-II HEAVY DUTY ORIGINAL GREASE LESS TYPE PUMP WITH BIG INTEGRAL SHAFT BEARING,252520100181,Automotive Water Pump Assemblies,,https://mekoautoindia.com/product/m-854-big-single-brg,https://mekoautoindia.com/image/catalog/product_images/M-854.2.png,M-854_BIG_SINGLE_BRG..png,,,0
READY,M-848,TATA 1613 / 1614 / 1109 / 2515 BS-II ENGINE (WITH SMALL BASE PLATE),2525 2010 0125,Automotive Water Pump Assemblies,Heavy Trucks And Buses,https://mekoautoindia.com/product/m-848,https://mekoautoindia.com/image/catalog/product_images/M-848.2.png,M-848.png,,,0
READY,M-855,TATA 1312 / 1510 / 1612 O/M (697 ENG.),2525 2010 0116,Automotive Water Pump Assemblies,Heavy Trucks And Buses,https://mekoautoindia.com/product/m-855,https://mekoautoindia.com/image/catalog/product_images/M-855.1.png,M-855.png,,,0
READY,M-856,TATA 1312 / 1510 / 1612 O/M (697 ENG.) MERCEDES (WITH SMALL BASE PLATE),2525 2010 0116 | 2525 2010 0121,Automotive Water Pump Assemblies,Heavy Trucks And Buses,https://mekoautoindia.com/product/m-856,https://mekoautoindia.com/image/catalog/product_images/M-856.2.png,M-856.png,,,0
READY,M-857,TATA 1613 / 1614 / 1109 / 2515 / 2525 / 697 BS-III TURBO ENG. (HIGH DISCHARGE PUMP),2525 2010 0130 2525 2010 0126,Automotive Water Pump Assemblies,Heavy Trucks And Buses,https://mekoautoindia.com/product/m-857,https://mekoautoindia.com/image/catalog/product_images/M-857.2.png,M-857.png,,,0
READY,M-857 BIG SINGLE BRG.,TATA 709 / 909 BS-II HEAVY DUTY ORIGINAL GREASE LESS TYPE BIG INTEGRAL SHAFT BEARING (HIGH DISCHARGE PUMP),2525 2010 0141,Automotive Water Pump Assemblies,,https://mekoautoindia.com/product/m-857-big-single-brg,https://mekoautoindia.com/image/catalog/product_images/M-857.2.png,M-857_BIG_SINGLE_BRG..png,,,0
READY,M-520,TATA 1109 BS-IV (FLANGE TYPE WITH ALUM. ADAPTOR) HEAVY DUTY ORIGINAL GREASE LESS TYPE BIG INTEGRAL SHAFT BEARING (IMPELLER DIA: 95 MM),2525 2010 0150 2525 2010 0166,Automotive Water Pump Assemblies,Heavy Trucks And Buses,https://mekoautoindia.com/product/m-520,https://mekoautoindia.com/image/catalog/product_images/M-520.2.png,M-520.png,,,0
READY,M-541,TATA 1109 BS-III / BS-IV HIGH DISCHARGE PUMP (FLANGE TYPE WITH ALUM. ADAPTOR) HEAVY DUTY ORIGINAL GREASE LESS TYPE BIG INTEGRAL SHAFT BEARING (BIGGER IMPELLER DIA: 104 MM) (PULLEY LOCATION DIA: 28 MM),2525 2010 0180,Automotive Water Pump Assemblies,,https://mekoautoindia.com/product/m-541,https://mekoautoindia.com/image/catalog/product_images/M-541.png,M-541.png,,,0
READY,M-525,"TATA 1109 BS4 LPT 1212 CRX 497 CRDI HIGH DISCHARGE PUMP (FLANGE TYPE WITH ALUM. ADAPTOR) HEAVY DUTY ORIGINAL GREASE LESS TYPE BIG INTEGRAL SHAFT BEARING (BIG IMPELLER, DIA 104 MM) (PULLEY LOCATION DIA: 42 MM)",251720100125,Automotive Water Pump Assemblies,Heavy Trucks And Buses,https://mekoautoindia.com/product/m-525,https://mekoautoindia.com/image/catalog/product_images/M-525N.png,M-525.png,,,0
READY,M-526,BHARATBENZ TIPPER TRUCK BS-IV,A904 200 4701 | A904 200 5101,Automotive Water Pump Assemblies,Heavy Trucks And Buses,https://mekoautoindia.com/product/m-526,https://mekoautoindia.com/image/catalog/product_images/M-526.2.png,M-526.png,,,0
READY,M-526 A,MITSUBISHI 4D33 4D34 4D35 4D36 / FUSO CANTER FE FG TRUCK / BHARATBENZ MDT TRUCK (ALUM. HOUSING),ME015217 | ME995424,Automotive Water Pump Assemblies,Heavy Trucks And Buses,https://mekoautoindia.com/product/m-526-a,https://mekoautoindia.com/image/catalog/product_images/M-526A.2.png,M-526_A.png,,,0
READY,M-526 B,BHARATBENZ TIPPER TRUCK BS-VI (WITH AN ADDITIONAL PLUG HOLE IN THE HOUSING),A9262000201,Automotive Water Pump Assemblies,Heavy Trucks And Buses,https://mekoautoindia.com/product/m-526-b,https://mekoautoindia.com/image/catalog/product_images/M-526B.2.png,M-526_B.png,,,0
READY,M-1095,JBM BUS BS-IV CUMMINS ENGINE (WITH HARDENED PULLEY) (Regular Supply O.E. to JBM),5444109 / 5473238 / 2881804 / 5260263,Automotive Water Pump Assemblies,,https://mekoautoindia.com/product/m-1095,https://mekoautoindia.com/image/catalog/product_images/M-1095.png,M-1095.png,,,0
READY,M-1096,JBM BUS BS6 CUMMINS ENGINE (WITH 10 PK PULLEY) (Regular Supply O.E. to JBM),1002023407,Automotive Water Pump Assemblies,,https://mekoautoindia.com/product/m-1096,https://mekoautoindia.com/image/catalog/product_images/M-1096.png,M-1096.png,,,0
READY,M-529,JCB / CUMMINS GENSET / ACE CRANE FX 150 (WITH 4 MTG. HOLE IN BIG BASE PLATE),2527 2012 0211,Automotive Water Pump Assemblies,D.G. Gensets,https://mekoautoindia.com/product/m-529,https://mekoautoindia.com/image/catalog/product_images/M-529.1.png,M-529.png,,,0
READY,M-529 A,JCB / CUMMINS GENSET (WITH BIG BASE PLATE 5 HOLES),252420100103,Automotive Water Pump Assemblies,D.G. Gensets,https://mekoautoindia.com/product/m-529-a,https://mekoautoindia.com/image/catalog/product_images/M-529A.2.png,M-529_A.png,,,0
READY,M-529 H,JCB / CUMMINS GENSET / TATA 1210 DESIGN (WITHOUT BASE PLATE),2523 2010 0103 113 / 114,Automotive Water Pump Assemblies,D.G. Gensets,https://mekoautoindia.com/product/m-529-h,https://mekoautoindia.com/image/catalog/product_images/M-529%20H.png,M-529_H.png,,,0
READY,M-544,CUMMINS ENGINE 125 / 160 / 200 / 250 KV W.P. (WITH TWIN GROOVE PULLEY),3166497,Automotive Water Pump Assemblies,D.G. Gensets,https://mekoautoindia.com/product/m-544,https://mekoautoindia.com/image/catalog/product_images/M-544.png,M-544.png,,,0
READY,M-551 A / M-1027,CUMMINS ENG. 6CT 6CTA C8.3L (3 HOLE MOUNTING),3966841 / 5402699 3966841,Automotive Water Pump Assemblies,D.G. Gensets,https://mekoautoindia.com/product/m-551-a-m-1027,https://mekoautoindia.com/image/catalog/product_images/M-551A-M-1027.png,M-551_A_M-1027.png,,,0
READY,M-551 / M-1027 A,CUMMINS 6 CT DEISEL ENG. (OLD MODEL) (3 HOLE MOUNTING),3905357,Automotive Water Pump Assemblies,D.G. Gensets,https://mekoautoindia.com/product/m-551-m-1027-a,https://mekoautoindia.com/image/catalog/product_images/M-551M-1027A.png,M-551_M-1027_A.png,,,0
READY,M-1026,CUMMINS 6BT DIESEL ENG. (WITH SG IRON GRADED AND HARDENED PULLEY) (S.M. IMPELLER OF GERMAN / AMERICA,3286278 / 3903749 | 3913432 / 3802358,Automotive Water Pump Assemblies,,https://mekoautoindia.com/product/m-1026,https://mekoautoindia.com/image/catalog/product_images/M-1026.2.png,M-1026.png,,,0
READY,M-1028,CUMMINS M11 / ISM DIESEL ENGINE (LONG SHAFT TYPE) (WITHOUT BASE COVER),2882144 / 3068848 | 3073693 / 3800737 | 3803260,Automotive Water Pump Assemblies,D.G. Gensets,https://mekoautoindia.com/product/m-1028,https://mekoautoindia.com/image/catalog/product_images/M-1028.2.png,M-1028.png,,,0
READY,M-1028 C,CUMMINS M11 / ISM DIESEL ENGINE (LONG SHAFT TYPE) (WITH BASE COVER),2882144 / 3068848 | 3073693 / 3800737 | 3803260,Automotive Water Pump Assemblies,D.G. Gensets,https://mekoautoindia.com/product/m-1028-c,https://mekoautoindia.com/image/catalog/product_images/M-1028C.2.png,M-1028_C.png,,,0
READY,M-1028 A,CUMMINS QSM11 DIESEL ENGINE (SHORT SHAFT TYPE) (WITHOUT BASE COVER),4972857 / 4955706 / 4926553,Automotive Water Pump Assemblies,D.G. Gensets,https://mekoautoindia.com/product/m-1028-a,https://mekoautoindia.com/image/catalog/product_images/M-1028A.1.png,M-1028_A.png,,,0
READY,M-513,LEYLAND 3416 / JCB 430Z LOADER (TWIN PORT OUTLET) T-11 (WITH BRASS IMPELLER),B7007101 / 03 | B20287902,Automotive Water Pump Assemblies,Heavy Trucks And Buses,https://mekoautoindia.com/product/m-513,https://mekoautoindia.com/image/catalog/product_images/M-513.2.png,M-513.png,,,0
READY,M-513 MD,LEYLAND 3416 (WITH NYLON GLASS FILLED PLASTIC IMPELLER),B7007101 / 03 B20287902,Automotive Water Pump Assemblies,Heavy Trucks And Buses,https://mekoautoindia.com/product/m-513-md,https://mekoautoindia.com/image/catalog/product_images/M-513%20MD.png,M-513_MD.png,,,0
READY,M-513 A,"LEYLAND 3416 (WITH VENT HOLE ON HOUSING, & 4 HOLE HUB)",B8719201,Automotive Water Pump Assemblies,Heavy Trucks And Buses,https://mekoautoindia.com/product/m-513-a,https://mekoautoindia.com/image/catalog/product_images/M-513A.1.png,M-513_A.png,,,0
READY,M-515,LEYLAND GENSET 401 402 / T-11 (WITH SIDE OUTLET PIPE IN HOUSING),B7007101 B2027902,Automotive Water Pump Assemblies,Heavy Trucks And Buses,https://mekoautoindia.com/product/m-515,https://mekoautoindia.com/image/catalog/product_images/M-515.png,M-515.png,,,0
READY,M-515 CA,LEYLAND 3416 (WITH SIDE OUTLET PIPE IN HOUSING) (WITH BIG BASE PLATE),B7007101 B2027902,Automotive Water Pump Assemblies,Heavy Trucks And Buses,https://mekoautoindia.com/product/m-515-ca,https://mekoautoindia.com/image/catalog/product_images/M-515%20CA.png,M-515_CA.png,,,0
READY,M-513 CA,LEYLAND 3416 (WITH BIG BASE PLATE),B7007101 / 03 B20287902,Automotive Water Pump Assemblies,Heavy Trucks And Buses,https://mekoautoindia.com/product/m-513-ca,https://mekoautoindia.com/image/catalog/product_images/M-513CA.2.png,M-513_CA.png,,,0
READY,M-510,LEYLAND 400 / 401 (TWIN PORT OUTLET) (WITH BRASS IMPELLER),F7475800 / B2000808 600778 / K1108414 A7046800,Automotive Water Pump Assemblies,Heavy Trucks And Buses,https://mekoautoindia.com/product/m-510,https://mekoautoindia.com/image/catalog/product_images/m-510.png,M-510.png,,,0
READY,M-510 MD,LEYLAND 400 / 401 (TWIN PORT OUTLET) (WITH NYLON GLASS FILLED PLASTIC IMPELLER),F7475800 / B2000808 600778 / K1108414 A7046800,Automotive Water Pump Assemblies,Heavy Trucks And Buses,https://mekoautoindia.com/product/m-510-md,https://mekoautoindia.com/image/catalog/product_images/M-510%20MD.png,M-510_MD.png,,,0
READY,M-510 CA,LEYLAND 400 / 401 (TWIN PORT OUTLET) (WITH BIG BASE PLATE),F7475800 / B2000808 600778 / K1108414 A7046800,Automotive Water Pump Assemblies,Heavy Trucks And Buses,https://mekoautoindia.com/product/m-510-ca,https://mekoautoindia.com/image/catalog/product_images/M-510%20CA.png,M-510_CA.png,,,0
READY,M-506,LEYLAND 370 MARINE INDUSTRIAL ENGINE,B2000801 / NPN1 | 604006 / 600718 | B2000805,Automotive Water Pump Assemblies,Heavy Trucks And Buses,https://mekoautoindia.com/product/m-506,https://mekoautoindia.com/image/catalog/product_images/M-506.1.png,M-506.png,,,0
READY,M-532,HINO EURO-II (IMPELLER DIA : 85 MM),B8760406 / B7016011,Automotive Water Pump Assemblies,Heavy Trucks And Buses,https://mekoautoindia.com/product/m-532,https://mekoautoindia.com/image/catalog/product_images/M-532.1.png,M-532.png,,,0
READY,M-532 A,HINO EURO-II (IMPELLER DIA : 75 MM),B8760406 / B7016011,Automotive Water Pump Assemblies,Heavy Trucks And Buses,https://mekoautoindia.com/product/m-532-a,https://mekoautoindia.com/image/catalog/product_images/M-532A.1.png,M-532_A.png,,,0
READY,M-532 B,LEYLAND HINO 2519 BS-IV ENG. 3113 N / 3187 524 (SMALLER HOUSING) (IMPELLER DIA : 85 MM),3113N / 3187N,Automotive Water Pump Assemblies,Heavy Trucks And Buses,https://mekoautoindia.com/product/m-532-b,https://mekoautoindia.com/image/catalog/product_images/M-532B.1.png,M-532_B.png,,,0
READY,M-533,HINO EURO-II 3516 / 4018 (IMPELLER DIA : 85 MM),B8760401 2323,Automotive Water Pump Assemblies,Heavy Trucks And Buses,https://mekoautoindia.com/product/m-533,https://mekoautoindia.com/image/catalog/product_images/M-533.1.png,M-533.png,,,0
READY,M-538,HINO EURO-III / EURO-IV BS-IV CRS A/L 1812 & 222 WB 16.11 (7 HOLES PUMP) (IMPELLER DIA : 100 MM),B8763401,Automotive Water Pump Assemblies,,https://mekoautoindia.com/product/m-538,https://mekoautoindia.com/image/catalog/product_images/M-538.2.png,M-538.png,,,0
READY,M-538 A,HINO EURO-VI (IMPELLER DIA : 105 MM) (WITH THREE ADDITIONAL HOLES FOR SPARE-PART FITMENT),B4T05501,Automotive Water Pump Assemblies,,https://mekoautoindia.com/product/m-538-a,https://mekoautoindia.com/image/catalog/product_images/M-538A.2.png,M-538_A.png,,,0
READY,M-508,HINO 6 D ( 6 CYLINDER ) ( 8 MM THREAD ON HUB ),B7016001 / P8100639 / B7016008,Automotive Water Pump Assemblies,Heavy Trucks And Buses,https://mekoautoindia.com/product/m-508,https://mekoautoindia.com/image/catalog/product_images/M-508.2.png,M-508.png,,,0
READY,M-508 A,HINO 6 D ( 4 CYLINDER ) ( 6 MM THREAD ON HUB ) LEYLAND HINO CHINESE ENGINE FOR 40KVA DG,B7016001 / P8100639 B7016008 / B7016005,Automotive Water Pump Assemblies,Heavy Trucks And Buses,https://mekoautoindia.com/product/m-508-a,https://mekoautoindia.com/image/catalog/product_images/M-508%20A.png,M-508_A.png,,,0
READY,M-531,HINO 6 E MODEL ( 416 ENGINE ),B7016007,Automotive Water Pump Assemblies,Heavy Trucks And Buses,https://mekoautoindia.com/product/m-531,https://mekoautoindia.com/image/catalog/product_images/M-531.png,M-531.png,,,0
READY,M-509,HINO 4 D,B7019601 / P8100539,Automotive Water Pump Assemblies,Heavy Trucks And Buses,https://mekoautoindia.com/product/m-509,https://mekoautoindia.com/image/catalog/product_images/M-509.2.png,M-509.png,,,0
READY,M-521,MAN TRUCK ( BIG CAST IRON PUMP ),5106500 6606 / 6612 / 9606 / 9612,Automotive Water Pump Assemblies,Heavy Trucks And Buses,https://mekoautoindia.com/product/m-521,https://mekoautoindia.com/image/catalog/product_images/M-521.2.png,M-521.png,,,0
READY,M-521 A,MAN TIPPER TRUCK TGL 8.180 E4 CLA 31.300 ( ALUM. BODY ),CLA 31.300 / 51.06500-6699 / 51.06500-6679,Automotive Water Pump Assemblies,Heavy Trucks And Buses,https://mekoautoindia.com/product/m-521-a,https://mekoautoindia.com/image/catalog/product_images/M-521A.2.png,M-521_A.png,,,0
READY,M-671,EICHER PRO 11.10 (BIG PLAIN HUB),ID 312896 / ID 312620,Automotive Water Pump Assemblies,Light Trucks And Buses,https://mekoautoindia.com/product/m-671,https://mekoautoindia.com/image/catalog/product_images/M-671.2.png,M-671.png,,,0
READY,M-671 A,"EICHER BS-II CANTER BIG LATEST MODEL (FAN DIA: 30 MM, HUB COLLAR THREAD M 24*1.5 L.H) (HUB WITH 4 THREADED HOLES)",ID 309565,Automotive Water Pump Assemblies,Light Trucks And Buses,https://mekoautoindia.com/product/m-671-a,https://mekoautoindia.com/image/catalog/product_images/M-671%20A.2.png,M-671_A.png,,,0
READY,M-671 B,"EICHER PRO 10.90 XP / 11.10 XP (FAN DIA: 36 MM, HUB COLLAR THREAD M 30*1.5 L.H) (8 HOLE HUB WITH 4 THREADED HOLES AND 4 PLAIN HOLES)",ID 333731,Automotive Water Pump Assemblies,Light Trucks And Buses,https://mekoautoindia.com/product/m-671-b,https://mekoautoindia.com/image/catalog/product_images/M-671%20B.2.png,M-671_B.png,,,0
READY,M-671 C,EICHER PRO 1095 XP / 1080 XP / 1059 XP / EICHER CANTER MINI E2 PLUS 11.10 / 11.14 / 10.59 / 11.74 / 10.90 / 10.75 (HUB WITH SHORTER COLLAR),ID 309566,Automotive Water Pump Assemblies,Light Trucks And Buses,https://mekoautoindia.com/product/m-671-c,https://mekoautoindia.com/image/catalog/product_images/M-671%20C.2.png,M-671_C.png,,,0
READY,M-671 D,"EICHER CANTER NEW MODEL (FAN DIA: 30 MM, HUB COLLAR THREAD M 24*1.5 L.H) (HUB WITH 4 THREADED HOLES AND 4 PLAIN HOLES)",300778,Automotive Water Pump Assemblies,Light Trucks And Buses,https://mekoautoindia.com/product/m-671-d,https://mekoautoindia.com/image/catalog/product_images/M-671D.2.png,M-671_D.png,,,0
READY,M-657,EICHER JUMBO GALAXY 20.16 (HUB WITH NUT ON TOP),ID 000071,Automotive Water Pump Assemblies,Light Trucks And Buses,https://mekoautoindia.com/product/m-657,https://mekoautoindia.com/image/catalog/product_images/M-657.2.png,M-657.png,,,0
READY,M-657 A,EICHER JUMBO 20.5 BUS TYPE / EICHER T16. TIPPER TRUCK (HUB WITHOUT NUT ON TOP),ID 311109,Automotive Water Pump Assemblies,Light Trucks And Buses,https://mekoautoindia.com/product/m-657-a,https://mekoautoindia.com/image/catalog/product_images/M-657A.2.png,M-657_A.png,,,0
READY,M-657 B,"EICHER CANTER LATEST MODEL (WITH S.G. IRON GRADED PULLEY DIA : 104 MM, IMPELLER DIA : 85 MM)",ID 310316,Automotive Water Pump Assemblies,Light Trucks And Buses,https://mekoautoindia.com/product/m-657-b,https://mekoautoindia.com/image/catalog/product_images/M-657B.2.png,M-657_B.png,,,0
READY,M-657 H,EICHER CANTER LATEST MODEL (HIGH DISCHARGE PUMP) (WITH S.G. IRON GRADED PULLEY DIA : 104 MM) (IMPELLER DIA : 92.5 MM) (MOUNTING HOLE COORDINATES DIFFERENT THAN M-657 B),ID 310316,Automotive Water Pump Assemblies,,https://mekoautoindia.com/product/m-657-h,https://mekoautoindia.com/image/catalog/product_images/M-657%20H.png,M-657_H.png,,,0
READY,M-657 C,"EICHER PRO 3014 / 3015 / 3016 / 1116 / 1114 PRO (IMPELLER DIA 99 MM, S.G. IRON PULLEY DIA : 104 MM)",ID 335776,Automotive Water Pump Assemblies,Light Trucks And Buses,https://mekoautoindia.com/product/m-657-c,https://mekoautoindia.com/image/catalog/product_images/M-657C.2.png,M-657_C.png,,,0
READY,M-557,VOLVO EXCAVATOR 110 / 210 / DEUTZ BFM-1012 / 1013,4299142,Automotive Water Pump Assemblies,EarthMovers,https://mekoautoindia.com/product/m-557,https://mekoautoindia.com/image/catalog/product_images/M-557.2.png,M-557.png,,,0
READY,M-833,MITSUBISHI TRACTOR,,Automotive Water Pump Assemblies,Tractors,https://mekoautoindia.com/product/m-833,https://mekoautoindia.com/image/catalog/product_images/M-833.1.png,M-833.png,,,0
READY,M-602,"MATADOR F-307 / TEMPO TRAX / TEMPO TRAVELLER / MERCEDES 220 / OX TRACTOR (FAN MTG. DIA : 16 MM, C.I. IMPELLER DIA : 67.5 MM)",42001301 / 23020710 1152000020 4200020,Automotive Water Pump Assemblies,Light Trucks And Buses,https://mekoautoindia.com/product/m-602,https://mekoautoindia.com/image/catalog/product_images/M-602.png,M-602.png,,,0
READY,M-602 A,"FORCE MOTOR TEMPO TRAVELLER BS-III / BS-IV / BS-VI (FAN MTG. DIA : 19 MM, IND. PLASTIC IMPELLER DIA : 80 MM)",800 - 809 - 200 - 0001,Automotive Water Pump Assemblies,Light Trucks And Buses,https://mekoautoindia.com/product/m-602-a,https://mekoautoindia.com/image/catalog/product_images/M-602A.1.png,M-602_A.png,,,0
READY,M-602 B,FORCE TRAVELLER N/M WATER PUMP HALF ASSEMBLY,B00808200000101,Automotive Water Pump Assemblies,,https://mekoautoindia.com/product/M-602B,https://mekoautoindia.com/image/catalog/product_images/M-602B.2.png,M-602_B.png,,,0
READY,M-601,TD 3250 FTI CRDI / TEMPO TRAVELLER NEW MODEL COMPLETE WATER PUMP ASSEMBLY (WITH BIG ALUM. BASE PLATE),800 - 809 - 200 - 0001,Automotive Water Pump Assemblies,,https://mekoautoindia.com/product/m-601,https://mekoautoindia.com/image/catalog/product_images/M-602AC.2.png,M-601.png,,,0
READY,M-651 A,BAJAJ MINIDOR ( LATEST MODEL WITH SHORTER VENT PIPE / MOUTH ),008032001101,Automotive Water Pump Assemblies,Light Trucks And Buses,https://mekoautoindia.com/product/m-651-a,https://mekoautoindia.com/image/catalog/product_images/M-651Anew.png,M-651_A.png,,,0
READY,M-610,BAJAJ MINIDOR O/M,B-00-803-200-01-01,Automotive Water Pump Assemblies,Light Trucks And Buses,https://mekoautoindia.com/product/m-610,https://mekoautoindia.com/image/catalog/product_images/M-610.2.png,M-610.png,,,0
READY,M-651,BAJAJ MINIDOR N/M IDI MODEL (SIDE PIPE CLOSE),B-00-803-200-02-01,Automotive Water Pump Assemblies,Light Trucks And Buses,https://mekoautoindia.com/product/m-651,https://mekoautoindia.com/image/catalog/product_images/M-651.2.png,M-651.png,,,0
READY,M-653 / M-621,MAHINDRA CHAMPION / FIAT PREMIER PADMINI PETROL ENG (WITH 5 HOLE HUB),PAB27560 / 28517 28921 / 12423 F407 / 4397,Automotive Water Pump Assemblies,Light Trucks And Buses,https://mekoautoindia.com/product/m-653-m-621,https://mekoautoindia.com/image/catalog/product_images/M-653_M-621.png,M-653_M-621.png,,,0
READY,M-622,FIAT DIESEL ENG. (PREMIER 137D DIESEL ENG.),PA 7808 4050,Automotive Water Pump Assemblies,Light Trucks And Buses,https://mekoautoindia.com/product/m-622,https://mekoautoindia.com/image/catalog/product_images/M-622.png,M-622.png,,,0
READY,M-644,MINI VIKRAM (NEW MODEL),,Automotive Water Pump Assemblies,Light Trucks And Buses,https://mekoautoindia.com/product/m-644,https://mekoautoindia.com/image/catalog/product_images/M-644.png,M-644.png,,,0
READY,M-612,"MAHINDRA PEUGEOT XDP ARMADA 540 D MODELS MM540, CJ50DP, FJ460DP 4.90 DSL ENG",9420 000 226 / 409 7944 97034 / 401,Automotive Water Pump Assemblies,Light Trucks And Buses,https://mekoautoindia.com/product/m-612,https://mekoautoindia.com/image/catalog/product_images/M-612.2.png,M-612.png,,,0
READY,M-637,MAHINDRA PEUGEOT XDP3 ENGINE,9420000522 0304EG0210N,Automotive Water Pump Assemblies,Light Trucks And Buses,https://mekoautoindia.com/product/m-637,https://mekoautoindia.com/image/catalog/product_images/M-637.png,M-637.png,,,0
READY,M-638,MAHINDRA BOLERO PICKUP,85269,Automotive Water Pump Assemblies,Light Trucks And Buses,https://mekoautoindia.com/product/m-638,https://mekoautoindia.com/image/catalog/product_images/M-638.png,M-638.png,,,0
READY,M-638 A,MAHINDRA BOLERO PICKUP (WITH HUB AND TUBE / GLX XLS-ALU),85269,Automotive Water Pump Assemblies,Light Trucks And Buses,https://mekoautoindia.com/product/m-638-a,https://mekoautoindia.com/image/catalog/product_images/M-638%20A.png,M-638_A.png,,,0
READY,M-638 B,MAHINDRA BOLERO PICKUP (WITH HUB AND WITHOUT TUBE GLX / XLS-ALU),85269,Automotive Water Pump Assemblies,Light Trucks And Buses,https://mekoautoindia.com/product/m-638-b,https://mekoautoindia.com/image/catalog/product_images/M-638%20B.png,M-638_B.png,,,0
READY,M-638 C,"MAHINDRA BOLERO CAMPER F/L 2.5 L, BOLERO PICKUP 2ND GEN / MAXI TRUCK MAXX PICKUP CITY",0304EAB01421N,Automotive Water Pump Assemblies,Light Trucks And Buses,https://mekoautoindia.com/product/m-638-c,https://mekoautoindia.com/image/catalog/product_images/M-638C.2.png,M-638_C.png,,,0
READY,M-638 D,MAHINDRA BOLERO NEO / MAXX PICKUP HEAVY DUTY,0304188IN,Automotive Water Pump Assemblies,Light Trucks And Buses,https://mekoautoindia.com/product/m-638-d,https://mekoautoindia.com/image/catalog/product_images/M-638D.2.png,M-638_D.png,,,0
READY,M-663 B,MAHINDRA BOLERO / SCORPIO M2DI MAXI TRUCK (WITH 4 PK BELT MULTI GROOVE PULLEY),0304EAB0100N,Automotive Water Pump Assemblies,Light Trucks And Buses,https://mekoautoindia.com/product/m-663-b,https://mekoautoindia.com/image/catalog/product_images/M-663%20B.png,M-663_B.png,,,0
READY,M-618,"MAHINDRA SCORPIO S.U.V. (ALUM. PUMP 7 PK BELT PULLEY, SIDE PIPE OPEN; ONE SIDE TUBE AND ELBOW OUTLET IN HOUSING)",0304EC0120,Automotive Water Pump Assemblies,Light Trucks And Buses,https://mekoautoindia.com/product/m-618,https://mekoautoindia.com/image/catalog/product_images/M-618.2.png,M-618.png,,,0
READY,M-626,"MAHINDRA SCORPIO CRDI 7 PK (ALUM. PUMP WITH 7 PK BELT PULLEY, SIDE PIPE CLOSE; ONE SIDE TUBE, BOTTOM TUBE AND ELBOW OUTLET IN HOUSING)",0304GC0030N,Automotive Water Pump Assemblies,Light Trucks And Buses,https://mekoautoindia.com/product/m-626,https://mekoautoindia.com/image/catalog/product_images/M-626.1.png,M-626.png,,,0
READY,M-801,MASSEY FERGUSON P3 / P4 1035 TRACTOR (P3 LOW POSITION ENGINE) (FAN MTG. DIA : 41 MM),99DE0320 / 41312167,Automotive Water Pump Assemblies,Tractors,https://mekoautoindia.com/product/m-801,https://mekoautoindia.com/image/catalog/product_images/M-801.1.png,M-801.png,,,0
READY,M-803,MASSEY FERGUSON 1035 N/M TRACTOR (FAN MTG. DIA : 41 MM),99DE0766,Automotive Water Pump Assemblies,Tractors,https://mekoautoindia.com/product/m-803,https://mekoautoindia.com/image/catalog/product_images/M-803.1.png,M-803.png,,,0
READY,M-804,"MASSEY FERGUSON 135 (FAN HUB THREAD SIZE 5/16""∗24 UNF AND HOUSING BOLT SIZE 5/16""∗18 UNC) (FAN MTG. DIA : 41 MM)",41312055 / 2154 / 2784 / 2494 / 2154 A,Automotive Water Pump Assemblies,Tractors,https://mekoautoindia.com/product/m-804,https://mekoautoindia.com/image/catalog/product_images/M-804.1.png,M-804.png,,,0
READY,M-805,"MASSEY FERGUSON 241 / 245 MF P3 / 1035 DI (FAN HUB THREAD SIZE : M8∗1.25, HOUSING BOLTS : 3 NOS. M8∗50, 1 NOS. M8∗75) (FAN MTG. DIA : 41 MM)",99S30478 / 41312159 12487 / 12495 41312784,Automotive Water Pump Assemblies,Tractors,https://mekoautoindia.com/product/m-805,https://mekoautoindia.com/image/catalog/product_images/M-805.1.png,M-805.png,,,0
READY,M-805 A,MASSEY FERGUSON 241 / 245 TRACTOR (WITHOUT BOLT) (FAN MTG. DIA : 41 MM),99S30478 / 41312159 / 12487 / 12495 / 41312784 / 41312487 / 41312154,Automotive Water Pump Assemblies,Tractors,https://mekoautoindia.com/product/m-805-a,https://mekoautoindia.com/image/catalog/product_images/M-805A.1.png,M-805_A.png,,,0
READY,M-807,MASSEY FERGUSON IMT 533 (MF P3 ENGINE - BIGGER PULLEY) (PULLEY GROOVE OD : 114.5 MM) (FAN MTG. DIA : 41 MM),41312518 / 34.06.100,Automotive Water Pump Assemblies,Tractors,https://mekoautoindia.com/product/m-807,https://mekoautoindia.com/image/catalog/product_images/M-807.png,M-807.png,,,0
READY,M-806,MASSEY FERGUSON 1040 / MF 65 MKI 1 / MF 165 TRACTOR (PULLEY GROOVE OD : 118 MM) (FAN MTG. DIA : 41 MM),41312038 / 2063 / 2511 / 2574,Automotive Water Pump Assemblies,Tractors,https://mekoautoindia.com/product/m-806,https://mekoautoindia.com/image/catalog/product_images/M-806.png,M-806.png,,,0
READY,M-825,TAFE-25 / MASSEY FERGUSON 241 DI (WITHOUT BOLT) TRACTOR (WITH BIGGER PULLEY) (PULLEY GROOVE OD : 128.5 MM) (FAN MTG. DIA : 41 MM),99580799 / 99830799,Automotive Water Pump Assemblies,Tractors,https://mekoautoindia.com/product/m-825,https://mekoautoindia.com/image/catalog/product_images/M-825.2.png,M-825.png,,,0
READY,M-844,MASSEY FERGUSONS-4 HIGH POSITION TRACTOR (S4 TYPE) (FAN MTG. DIA : 41 MM),99530980,Automotive Water Pump Assemblies,Tractors,https://mekoautoindia.com/product/m-844,https://mekoautoindia.com/image/catalog/product_images/M-844.2.png,M-844.png,,,0
READY,M-1001,PERKINS MF A4.212 - 4.236 (WITHOUT PULLEY) TRACTOR,U5MW0104 / 4131A013 / 3637411M91 / 3641832M91 U5MW0064 / 41312323 / 41313201,Automotive Water Pump Assemblies,Tractors,https://mekoautoindia.com/product/m-1001,https://mekoautoindia.com/image/catalog/product_images/M-1001.2.png,M-1001.png,,,0
READY,M-606,SWARAJ MAZDA ALK 606 (CAST IRON HOUSING),SL01 15 100Z / SL010 5100,Automotive Water Pump Assemblies,Light Trucks And Buses,https://mekoautoindia.com/product/m-606,https://mekoautoindia.com/image/catalog/product_images/M-606.2.png,M-606.png,,,0
READY,M-606 A,SWARAJ MAZDA BS-VI (ALUMINIUM HOUSING),LP6015100C,Automotive Water Pump Assemblies,Light Trucks And Buses,https://mekoautoindia.com/product/m-606-a,https://mekoautoindia.com/image/catalog/product_images/M-606%20A.2.png,M-606_A.png,,,0
READY,M-811,SWARAJ 724 FC / 735 FE / M / M 255 TRACTOR (WITH THREE HOLE PULLEY) (FAN MTG. DIA : 46 MM),P219490B,Automotive Water Pump Assemblies,Tractors,https://mekoautoindia.com/product/m-811,https://mekoautoindia.com/image/catalog/product_images/M-811.2.png,M-811.png,,,0
READY,M-817,SWARAJ 735 TRACTOR (FOUR HOLE TYPE PULLEY) (FAN MTG. DIA : 38 MM),P219490B,Automotive Water Pump Assemblies,Tractors,https://mekoautoindia.com/product/m-817,https://mekoautoindia.com/image/catalog/product_images/M-817.2.png,M-817.png,,,0
READY,M-817 A,SWARAJ 724 / 735 TRACTOR (SUITABLE FOR BOTH 3 HOLE AND 4 HOLE TYPE FAN) (FAN MTG. DIA : 38 MM),,Automotive Water Pump Assemblies,Tractors,https://mekoautoindia.com/product/m-817-a,https://mekoautoindia.com/image/catalog/product_images/M-817%20A.png,M-817_A.png,,,0
READY,M-852,SWARAJ 724 XM NEW MODEL FLANGE TYPE TRACTOR (PULLEY WITH 3 HOLES) (FAN MTG. DIA : 46 MM) MAHINDRA BOLERO DIESEL,313040A / 713040A 7133575A,Automotive Water Pump Assemblies,Tractors,https://mekoautoindia.com/product/m-852,https://mekoautoindia.com/image/catalog/product_images/M-852.2.png,M-852.png,,,0
READY,M-853,SWARAJ 735 XM NEW MODEL FLANGE TYPE TRACTOR (PULLEY WITH 4 HOLES; FAN MTG. DIA : 38 MM),P213040 A,Automotive Water Pump Assemblies,Tractors,https://mekoautoindia.com/product/m-853,https://mekoautoindia.com/image/catalog/product_images/M-853.2.png,M-853.png,,,0
READY,M-818,SWARAJ 855 TRACTOR KIRLOSKAR RB-22 / 33 ENGINE (PULLEY WITH 4 HOLES; FAN MTG. DIA : 40 MM),719400 / 719490,Automotive Water Pump Assemblies,Tractors,https://mekoautoindia.com/product/m-818,https://mekoautoindia.com/image/catalog/product_images/M-818.2.png,M-818.png,,,0
READY,M-818 A,SWARAJ 855 TRACTOR KIRLOSKAR RB-44 / 66 ENGINE (WITH BIGGER IMPELLER; PULLEY WITH 4 HOLES; FAN MTG. DIA : 40 MM),48.015.53.0,Automotive Water Pump Assemblies,Tractors,https://mekoautoindia.com/product/m-818-a,https://mekoautoindia.com/image/catalog/product_images/M-818%20A.png,M-818_A.png,,,0
READY,M-840,SWARAJ 744 LONG VENT PIPE TYPE TRACTOR (IN-BUILT ALUM. PIPE CAST IRON HOUSING; FAN MTG. DIA : 40 MM),719400 / 719490,Automotive Water Pump Assemblies,,https://mekoautoindia.com/product/m-840,https://mekoautoindia.com/image/catalog/product_images/M-840.2.png,M-840.png,,,0
READY,M-815,"ZETOR 2011 / 2511 / 3511 / 2522 TRACTOR (DOUBLE MOUTH TYPE) (PULLEY DIA : 133 MM, FAN DIA : 40 MM, PUMP T.HT. : 156.5 MM)",2806.0000.90 / 2806.0001.90,Automotive Water Pump Assemblies,Tractors,https://mekoautoindia.com/product/m-815,https://mekoautoindia.com/image/catalog/product_images/M-815.2.png,M-815.png,,,0
READY,M-815 A,ZETOR 2011 / 2511 / 3511 / 2522 DOUBLE MOUTH TRACTOR (WITH BIG SHEET METAL PULLEY),2806.0000.90 / 2806.0001.90,Automotive Water Pump Assemblies,Tractors,https://mekoautoindia.com/product/m-815-a,https://mekoautoindia.com/image/catalog/product_images/M-815A.2.png,M-815_A.png,,,0
READY,M-816,"ZETOR 5911 (SINGLE MOUTH TYPE) (PULLEY DIA : 133 MM, FAN DIA : 40 MM, PUMP T.HT. : 156.5 MM)",5906 0000.90,Automotive Water Pump Assemblies,Tractors,https://mekoautoindia.com/product/m-816,https://mekoautoindia.com/image/catalog/product_images/M-816.2.png,M-816.png,,,0
READY,M-816 A,"ZETOR 5911 TRACTOR (SINGLE MOUTH TYPE) (PULLEY DIA : 110 MM, FAN DIA : 40 MM, PUMP T.HT. : 156.5 MM)",5906 0000.90,Automotive Water Pump Assemblies,Tractors,https://mekoautoindia.com/product/m-816-a,https://mekoautoindia.com/image/catalog/product_images/M-816A.2.png,M-816_A.png,,,0
READY,M-816 C,ZETOR / HMT 5911 SINGLE MOUTH TRACTOR (WITH BIG SHEET METAL PULLEY),5906 0000.90,Automotive Water Pump Assemblies,Tractors,https://mekoautoindia.com/product/m-816-c,https://mekoautoindia.com/image/catalog/product_images/M-816C.1.png,M-816_C.png,,,0
READY,M-864,"ZETOR 6522 TRACTOR (DOUBLE MOUTH TYPE) (PULLEY DIA : 133 MM, FAN DIA : 32.5 MM, PUMP T.HT. : 156.5 M",,Automotive Water Pump Assemblies,Tractors,https://mekoautoindia.com/product/m-864,https://mekoautoindia.com/image/catalog/product_images/M-864.1.png,M-864.png,,,0
READY,M-864 A,"ZETOR 6522 TRACTOR (DOUBLE MOUTH TYPE) (PULLEY DIA : 110 MM, FAN DIA : 40 MM, PUMP T.HT. : 156.5 MM)",,Automotive Water Pump Assemblies,Tractors,https://mekoautoindia.com/product/m-864-a,https://mekoautoindia.com/image/catalog/product_images/M-864A.1.png,M-864_A.png,,,0
READY,M-864 B,"HMT 6522 TRACTOR MOUNTED CRANE / LOADER (DOUBLE MOUTH SINGLE TUBE OUTLET TYPE) (PULLEY DIA : 110 MM, FAN DIA : 32.5 MM, PUMP T.HT. : 156.5 MM)",,Automotive Water Pump Assemblies,Tractors,https://mekoautoindia.com/product/m-864-b,https://mekoautoindia.com/image/catalog/product_images/M-864%20B.png,M-864_B.png,,,0
READY,M-832,"SONALIKA INT. 745-750-35 I, II, III DI N/M 3035 INDOFARM TRACTOR (DOUBLE MOUTH TYPE) (PULLEY DIA : 132 MM, FAN DIA : 40 MM, PUMP T.HT : 156.5 MM)",803406012A,Automotive Water Pump Assemblies,Tractors,https://mekoautoindia.com/product/m-832,https://mekoautoindia.com/image/catalog/product_images/M-832.1.png,M-832.png,,,0
READY,M-832 A,"SONALIKA INT. DI N/M 3035 INDOFARM TRACTOR (DOUBLE MOUTH TYPE) (PULLEY DIA : 97 MM, FAN DIA : 40 MM, PUMP T.HT. : 162 MM)",P106018 / GNEN - 051,Automotive Water Pump Assemblies,Tractors,https://mekoautoindia.com/product/m-832-a,https://mekoautoindia.com/image/catalog/product_images/M-832A.1.png,M-832_A.png,,,0
READY,M-846 B,CAPTAIN MINI TRACTOR 283 4WD - 8G / STEEL TRAC 18 MINI TRACTOR / DK CHAMPION MINI TRACTOR 18 HP (WITH BASE COVER; PULLEY GROOVE OD: 91 MM; FAN MTG. DIA: 24 MM),,Automotive Water Pump Assemblies,Tractors,https://mekoautoindia.com/product/m-846-b,https://mekoautoindia.com/image/catalog/product_images/M-846BNew.png,M-846_B.png,,,0
READY,M-846 BH,CAPTAIN MINI TRACTOR 283 4WD - 8G / STEEL TRAC 18 MINI TRACTOR / DK CHAMPION MINI TRACTOR 16 HP (WITHOUT BASE COVER; PULLEY GROOVE OD: 91 MM; FAN MTG. DIA: 24 MM),,Automotive Water Pump Assemblies,Tractors,https://mekoautoindia.com/product/m-846-bh,https://mekoautoindia.com/image/catalog/product_images/M-846%20BH.2.png,M-846_BH.png,,,0
READY,M-846 C,CAPTAIN MINI TRACTOR (PULLEY GROOVE OD: 91 MM; FAN MTG. DIA: 28 MM),,Automotive Water Pump Assemblies,Tractors,https://mekoautoindia.com/product/m-846-c,https://mekoautoindia.com/image/catalog/product_images/M-846C.2.png,M-846_C.png,,,0
READY,M-846 D,CAPTAIN MINI TRACTOR LATEST MODEL (SMALL ALUM. HOUSING TYPE WITH C.I. PULLEY AND C.I. BASE PLATE; PULLEY GROOVE OD: 108 MM; FAN MTG. DIA: 30 MM),,Automotive Water Pump Assemblies,Tractors,https://mekoautoindia.com/product/m-846-d,https://mekoautoindia.com/image/catalog/product_images/M-846%20D.png,M-846_D.png,,,0
READY,M-812,ESCORT C-345 / 355 TRACTOR (FAN MTG. DIA: 40 MM),42083070 / 8.14.903.2 / 903.3 / D10099070A,Automotive Water Pump Assemblies,Tractors,https://mekoautoindia.com/product/m-812,https://mekoautoindia.com/image/catalog/product_images/M-812.2.png,M-812.png,,,0
READY,M-830,FARMTRAC CHAMPION ESCORT POWER TRAC - 430 / 440 AVL TRACTOR (FAN MTG. DIA: 40 MM),3515935 / D10008930A,Automotive Water Pump Assemblies,Tractors,https://mekoautoindia.com/product/m-830,https://mekoautoindia.com/image/catalog/product_images/M-830.2.png,M-830.png,,,0
READY,M-830 A,FARMTRAC CHAMPION ESCORT POWER TRAC - 430 / 440 AVL TRACTOR (WITHOUT PULLEY) (FAN MTG. DIA: 40 MM),3515935,Automotive Water Pump Assemblies,Tractors,https://mekoautoindia.com/product/m-830-a,https://mekoautoindia.com/image/catalog/product_images/M-830A.2.png,M-830_A.png,,,0
READY,M-830 B,AVL N/M SINGLE INLET 341 / 342 E3 312C BHA (WITH PULLEY ON TRACTOR HUB) (PULLEY GROOVE OD: 105 MM; FAN MTG. DIA: 40 MM),D 10441430,Automotive Water Pump Assemblies,Tractors,https://mekoautoindia.com/product/m-830-b,https://mekoautoindia.com/image/catalog/product_images/M-830%20B.png,M-830_B.png,,,0
READY,M-830 K,POWERTRAC 439 POWER STEERING (2016 / 2017 / 2018 / 2019 MODELS) TRACTOR (PUMP TOTAL HEIGHT MORE THAN M-830 B) (WITHOUT PULLEY),,Automotive Water Pump Assemblies,Tractors,https://mekoautoindia.com/product/m-830-k,https://mekoautoindia.com/image/catalog/product_images/M-830%20K.png,M-830_K.png,,,0
READY,M-830 K (P),POWERTRAC 439 POWER STEERING (2016 / 2017 / 2018 / 2019 MODELS) (PUMP T.HT. MORE THAN M-830 B) (WITH A BELT BIG PULLEY; GROOVE OD: 130 MM) TRACTOR,,Automotive Water Pump Assemblies,Tractors,https://mekoautoindia.com/product/m-830-k-p,https://mekoautoindia.com/image/catalog/product_images/M-830%20K%20(P).png,M-830_K_P_.png,,,0
READY,M-830 E,AVL N/M SINGLE INLET TRACTOR WITHOUT PIPE 341 / 342 E3 312C BHA (WITHOUT PULLEY; FAN MTG. DIA: 40 MM),,Automotive Water Pump Assemblies,Tractors,https://mekoautoindia.com/product/m-830-e,https://mekoautoindia.com/image/catalog/product_images/M-830%20E.png,M-830_E.png,,,0
READY,M-830 C,AVL N/M D4 286 WITH 2 EXTRA INLETS TRACTOR (PULLEY GROOVE OD: 105 MM; FAN MTG. DIA: 40 MM),,Automotive Water Pump Assemblies,Tractors,https://mekoautoindia.com/product/m-830-c,https://mekoautoindia.com/image/catalog/product_images/M-830C.2.png,M-830_C.png,,,0
READY,M-830 F,AVL N/M D4 286 WITH 2 EXTRA INLETS TRACTOR (WITHOUT PULLEY; FAN MTG. DIA: 40 MM),,Automotive Water Pump Assemblies,Tractors,https://mekoautoindia.com/product/m-830-f,https://mekoautoindia.com/image/catalog/product_images/M-830%20F.png,M-830_F.png,,,0
READY,M-830 D,FARMTRAC AVL N/M WITH 1 EXTRA INLET TRACTOR (MEDIUM PULLEY GROOVE OD: 124 MM; FAN MTG. DIA: 40 MM),,Automotive Water Pump Assemblies,Tractors,https://mekoautoindia.com/product/m-830-d,https://mekoautoindia.com/image/catalog/product_images/M-830%20D.png,M-830_D.png,,,0
READY,M-820 H,FORD 3600 FARMTRAC 60 NEW HOLLAND (WITHOUT BASE PLATE) TRACTOR (PULLEY GROOVE OD: 144 MM; FAN MTG. DIA: 16 MM; MTG. HOLES DIA: 11 MM),D3NN-8501A / 92NH 83NH-8501AA,Automotive Water Pump Assemblies,Tractors,https://mekoautoindia.com/product/m-820-h,https://mekoautoindia.com/image/catalog/product_images/M-820%20H.png,M-820_H.png,,,0
READY,M-820,FORD 3600 FARMTRAC 60 NEW HOLLAND (WITH BASE PLATE) TRACTOR (PULLEY GROOVE OD: 144 MM; FAN MTG. DIA: 16 MM; MTG. HOLES DIA: 11 MM),D3NN-8501A / 92NH 83NH-8501AA D10011230A,Automotive Water Pump Assemblies,Tractors,https://mekoautoindia.com/product/m-820,https://mekoautoindia.com/image/catalog/product_images/M-820.png,M-820.png,,,0
READY,M-831 H,FORD 3620 / 3610 FARMTRAC-60 NEW HOLLAND TRACTOR (WITHOUT BASE PLATE) (PULLEY GROOVE OD: 144 MM; FAN MTG. DIA: 16 MM; MTG. HOLES DIA: 12 MM),FEA 513F / D8NN8501 UC,Automotive Water Pump Assemblies,Tractors,https://mekoautoindia.com/product/m-831-h,https://mekoautoindia.com/image/catalog/product_images/M-831H.2.png,M-831_H.png,,,0
READY,M-831,FORD 3620 / 3610 FARMTRAC-60 NEW HOLLAND TRACTOR (WITH BASE PLATE) (PULLEY GROOVE OD: 144 MM; FAN MTG. DIA: 16 MM; MTG. HOLES DIA: 12 MM),FEA 513F / D8NN8501 UC,Automotive Water Pump Assemblies,Tractors,https://mekoautoindia.com/product/m-831,https://mekoautoindia.com/image/catalog/product_images/M-831.1.png,M-831.png,,,0
READY,M-831 HS,FARMTRAC FT CLASSIC TRACTOR (WITHOUT BASE PLATE) (WITH SMALL B GROOVE PULLEY; TRACTOR GROOVE OD: 130.5 MM; FAN MTG. DIA: 40 MM),,Automotive Water Pump Assemblies,Tractors,https://mekoautoindia.com/product/m-831-hs,https://mekoautoindia.com/image/catalog/product_images/M-831HS.2.png,M-831_HS.png,,,0
READY,M-831 S,FARMTRAC FT CLASSIC (WITH BASE PLATE) (WITH SMALL B GROOVE PULLEY; TRACTOR GROOVE OD: 130.5 MM; FAN MTG. DIA: 40 MM),,Automotive Water Pump Assemblies,Tractors,https://mekoautoindia.com/product/m-831-s,https://mekoautoindia.com/image/catalog/product_images/M-831%20S.png,M-831_S.png,,,0
READY,M-820 AH,FARMTRAC CLASSIC PRO (WITHOUT BASE PLATE) TRACTOR (SMALL PULLEY GROOVE OD: 117.5 MM; FAN MTG. DIA: 4,D 10397350.9,Automotive Water Pump Assemblies,Tractors,https://mekoautoindia.com/product/m-820-ah,https://mekoautoindia.com/image/catalog/product_images/M-820%20AH.1%20W.O.%20PLATE.png,M-820_AH.png,,,0
READY,M-820 A,FARMTRAC CLASSIC PRO (WITH BASE PLATE) TRACTOR 60 FT 6060 6055 (D10397350),D 10397350.9,Automotive Water Pump Assemblies,Tractors,https://mekoautoindia.com/product/m-820-a,https://mekoautoindia.com/image/catalog/product_images/M-820%20A.png,M-820_A.png,,,0
READY,M-834,FORD NEW HOLLAND TL70 TN55 / FORD 3010S 3830 4230 4430 4835 5530 5635 6530 7635 (FAN MTG. DIA: 28 MM),99454833 504065104 / 8013363,Automotive Water Pump Assemblies,Tractors,https://mekoautoindia.com/product/m-834,https://mekoautoindia.com/image/catalog/product_images/M-834.1.png,M-834.png,,,0
READY,M-834 A,"FORD NEW HOLLAND FIAT JOHN DEERE TRACTOR (WITH BOLT); FIAT 55-66 55-66DT 60-66 60-66DT 6090 60-90T 65-46 FIAT AGRI ENG. 8035, 8045, 8055, 8065 (FAN MTG. DIA: 28 MM)",4679242,Automotive Water Pump Assemblies,Tractors,https://mekoautoindia.com/product/m-834-a,https://mekoautoindia.com/image/catalog/product_images/M-834A.2.png,M-834_A.png,,,0
READY,M-850 A,JOHN DEERE TRACTOR (WITH ONE INLET TUBE OPEN + TWO INLET TUBES OPEN / CLOSE ADJUSTABLE) (FAN MTG. DIA: 38 MM),RE 51892 / 506050,Automotive Water Pump Assemblies,Tractors,https://mekoautoindia.com/product/m-850-a,https://mekoautoindia.com/image/catalog/product_images/M-850%20A.2.png,M-850_A.png,,,0
READY,M-1023 A,"JOHN DEERE BACKHOE LOADER 310J, 310K, 310SJ TRACTOR (IMPELLER HAS VANES AT BOTH SIDES)",JOHN DEERE 6010 / 6110 / 6410 (WITH 2 OUTLETS) RE546917,Automotive Water Pump Assemblies,Tractors,https://mekoautoindia.com/product/m-1023-a,https://mekoautoindia.com/image/catalog/product_images/M-1023A.2.png,M-1023_A.png,,,0
READY,M-1023,"JOHN DEERE 6010, 6110, 6410 (WITH 2 OUTLETS); VERMEER D24 X50 SERIES 2; CLAAS / RENAULT CELTIS ERGOS; JOHN DEERE TRACTOR",6005022518 / 6005025985 / RE500734 / RE505981 / RE546917 / RE508737 / RE505980 / RE546906 / RE56737 / RE554654 / RE55848 / RE70983 / RE70985 / 5.52765 / EMWP239,Automotive Water Pump Assemblies,Tractors,https://mekoautoindia.com/product/m-1023,https://mekoautoindia.com/image/catalog/product_images/M-1023.2.png,M-1023.png,,,0
READY,M-868,SAME GREAVES TRACTOR 111 DI (USTAD) (WITH 1 EXTRA OUTLET PIPE; FAN MTG. DIA: 34 MM),152993.4,Automotive Water Pump Assemblies,Tractors,https://mekoautoindia.com/product/m-868,https://mekoautoindia.com/image/catalog/product_images/M-868.png,M-868.png,,,0
READY,M-869,SAME GREAVES TRACTOR 111 DI (USTAD) (WITHOUT EXTRA OUTLET PIPE; FAN MTG. DIA: 34 MM),143336.4,Automotive Water Pump Assemblies,Tractors,https://mekoautoindia.com/product/m-869,https://mekoautoindia.com/image/catalog/product_images/M-869.2.png,M-869.png,,,0
READY,M-1097,ROMANIA TRACTOR UTB-650 (FAN MTG. DIA: 38 MM) TRACTOR,2402.11.0320 / 107.021.00 / 1101307000 / 1101307200,Automotive Water Pump Assemblies,Tractors,https://mekoautoindia.com/product/m-1097,https://mekoautoindia.com/image/catalog/product_images/M-1097.2.png,M-1097.png,,,0
READY,M-1098,"BELARUS TRACTOR 500, 800, 900, 1000, 5000, 8000, 9000 SERIES / MTZ-80 / MTZ-82 (FAN MTG. DIA: 34 MM)",240-1307010 / 2401307010A03,Automotive Water Pump Assemblies,Tractors,https://mekoautoindia.com/product/m-1098,https://mekoautoindia.com/image/catalog/product_images/M-1098.2.png,M-1098.png,,,0
READY,M-537,BEDFORD J6 (SINGLE GROOVE PULLEY TYPE; FAN MTG. DIA: 34 MM),7182777,Automotive Water Pump Assemblies,,https://mekoautoindia.com/product/m-537,https://mekoautoindia.com/image/catalog/product_images/M-537%20-%20847.2.png,M-537.png,,,0
READY,M-516,BEDFORD J6 (DOUBLE GROOVE PULLEY TYPE; FAN MTG. DIA: 34 MM),7136356,Automotive Water Pump Assemblies,,https://mekoautoindia.com/product/m-516,https://mekoautoindia.com/image/catalog/product_images/M-516.png,M-516.png,,,0
READY,M-2031,"CASE, INTERNATIONAL HARVESTER WATER PUMP 3132739 R91 (IMPELLER DIA: 112.9 MM) TRACTOR",3132739 R91 3132739 R94,Automotive Water Pump Assemblies,Combine Harvesters,https://mekoautoindia.com/product/m-2031,https://mekoautoindia.com/image/catalog/product_images/M-2031.2.png,M-2031.png,,,0
READY,M-2032,"CASE, INTERNATIONAL HARVESTER WATER PUMP 3136053 R92 (IMPELLER DIA: 98 MM) TRACTOR",3136053 R92,Automotive Water Pump Assemblies,Combine Harvesters,https://mekoautoindia.com/product/m-2032,https://mekoautoindia.com/image/catalog/product_images/M-2032.png,M-2032.png,,,0
READY,M-2033,"CASE, INTERNATIONAL HARVESTER WATER PUMP 3132676 R93 (IMPELLER DIA: 112.9 MM) TRACTOR",3132667 R93,Automotive Water Pump Assemblies,Combine Harvesters,https://mekoautoindia.com/product/m-2033,https://mekoautoindia.com/image/catalog/product_images/M-2033.3.png,M-2033.png,,,0
READY,M-2034,"CASE, INTERNATIONAL HARVESTER WATER PUMP 3136217 R93 TRACTOR",3136217 R93 3138936 R94,Automotive Water Pump Assemblies,Combine Harvesters,https://mekoautoindia.com/product/m-2034,https://mekoautoindia.com/image/catalog/product_images/M-2034.png,M-2034.png,,,0
READY,M-547,SCHWING STETTER TRANSIT MIXER HALF PUMP,4H.352.10.0.00,Automotive Water Pump Assemblies,EarthMovers,https://mekoautoindia.com/product/m-547,https://mekoautoindia.com/image/catalog/product_images/M-547.2.png,M-547.png,,,0
READY,M-547 A,GREAVES CONCRETE MIXER CIFA,,Automotive Water Pump Assemblies,EarthMovers,https://mekoautoindia.com/product/m-547-a,https://mekoautoindia.com/image/catalog/product_images/M-547A.2.png,M-547_A.png,,,0
READY,M-1076,CATERPILLAR CAT LOADER DUMP TRUCK D25C / 2W8002,2W8002,Automotive Water Pump Assemblies,Heavy Trucks And Buses,https://mekoautoindia.com/product/m-1076,https://mekoautoindia.com/image/catalog/product_images/M-1076.2.png,M-1076.png,,,0
READY,M-1076 A,CATERPILLAR CAT LOADER DUMP TRUCK D25C / 2W8001,2W8001,Automotive Water Pump Assemblies,Heavy Trucks And Buses,https://mekoautoindia.com/product/m-1076-a,https://mekoautoindia.com/image/catalog/product_images/M-1076A.2.png,M-1076_A.png,,,0
READY,M-527,ESCORT JCB RB-44 / 66 PERKINS 1000 ENG. (5 HOLE MTG.; FAN MTG. DIA: 40 MM),48173400 / 4131E012,Automotive Water Pump Assemblies,D.G. Gensets,https://mekoautoindia.com/product/m-527,https://mekoautoindia.com/image/catalog/product_images/M-527.1.png,M-527.png,,,0
READY,M-528,KIRLOSKAR JCB RB-22 / 33 (4 HOLE MTG.; FAN MTG. DIA: 40 MM),47033300,Automotive Water Pump Assemblies,D.G. Gensets,https://mekoautoindia.com/product/m-528,https://mekoautoindia.com/image/catalog/product_images/M-528.png,M-528.png,,,0
READY,M-530,KIRLOSKAR JCB RB-44 / 66 (4 HOLE MTG.; IMP. VANE HT. BIGGER; FAN MTG. DIA: 40 MM),48.015.53.0,Automotive Water Pump Assemblies,EarthMovers,https://mekoautoindia.com/product/m-530,https://mekoautoindia.com/image/catalog/product_images/M-530.png,M-530.png,,,0
READY,M-552 H,JCB 1040 BACKHOE LOADER EXCAVATOR / KIRLOSKAR 1040 JCB CENTER 435 (WITHOUT BASE PLATE; FAN MTG. DIA: 40 MM),4H0210000 / R 80,Automotive Water Pump Assemblies,D.G. Gensets,https://mekoautoindia.com/product/m-552-h,https://mekoautoindia.com/image/catalog/product_images/M-552%20H.png,M-552_H.png,,,0
READY,M-553 H,JCB 282.5 / L&T 770 KIRLOSKAR RB 44 / 66 (FAN MTG. DIA: 40 MM),4H0522000 / F 80,Automotive Water Pump Assemblies,D.G. Gensets,https://mekoautoindia.com/product/m-553-h,https://mekoautoindia.com/image/catalog/product_images/M-553H.2.png,M-553_H.png,,,0
READY,M-873,JCB KIRLOSKAR 3DX ESCORT TRACTOR (WITH PULLEY; FAN MTG. DIA: 40 MM),4H61810000 / 601701000,Automotive Water Pump Assemblies,EarthMovers,https://mekoautoindia.com/product/m-873,https://mekoautoindia.com/image/catalog/product_images/M-873.2.png,M-873.png,,,0
READY,M-873 A,JCB KIRLOSKAR 3DX ESCORT TRACTOR (WITHOUT PULLEY; FAN MTG. DIA: 40 MM),4H61810000 / 601701000,Automotive Water Pump Assemblies,EarthMovers,https://mekoautoindia.com/product/m-873-a,https://mekoautoindia.com/image/catalog/product_images/M-873A.2.png,M-873_A.png,,,0
READY,M-555,JCB 3CX & 4CX BACK HOE LOADER 3 CX 2011,320 / 04542,Automotive Water Pump Assemblies,EarthMovers,https://mekoautoindia.com/product/m-555,https://mekoautoindia.com/image/catalog/product_images/M-555.2.png,M-555.png,,,0
READY,M-617 H,KIRLOSKAR DM - 20 GENERATOR,1005 KTB80,Automotive Water Pump Assemblies,D.G. Gensets,https://mekoautoindia.com/product/m-617-h,https://mekoautoindia.com/image/catalog/product_images/M-617%20H.png,M-617_H.png,,,0
READY,M-648,KOEL SL-90,1005 KTB80,Automotive Water Pump Assemblies,D.G. Gensets,https://mekoautoindia.com/product/m-648,https://mekoautoindia.com/image/catalog/product_images/M-648.2.png,M-648.png,,,0
READY,M-861,ACE TRACTOR / HARVESTER STY 28280 / ACE CRANE (FAN MTG. DIA: 27.5 MM),,Automotive Water Pump Assemblies,Combine Harvesters,https://mekoautoindia.com/product/m-861,https://mekoautoindia.com/image/catalog/product_images/M-861.2.png,M-861.png,,,0
READY,M-2001,KUBOTA,1552173033 / 1552173035 6684225 / 6653941 3974989,Automotive Water Pump Assemblies,EarthMovers,https://mekoautoindia.com/product/m-2001,https://mekoautoindia.com/image/catalog/product_images/M-2001New.png,M-2001.png,,,0
READY,M-2002,KUBOTA TRACTOR MU4501-2WD,1J864-73032,Automotive Water Pump Assemblies,EarthMovers,https://mekoautoindia.com/product/m-2002,https://mekoautoindia.com/image/catalog/product_images/M-2002%20A%20.1.jpeg,M-2002.jpeg,,,0
READY,M-2002 A,KUBOTA TRACTOR 50 HP MU5502-2WD,1J880-73032,Automotive Water Pump Assemblies,EarthMovers,https://mekoautoindia.com/product/m-2002-a,https://mekoautoindia.com/image/catalog/product_images/M-2002%20.1.jpeg,M-2002_A.jpeg,,,0
READY,M-2003,KUBOTA ENGINE D1105 BOBCAT LOADER BACKHOE B100,1624173034,Automotive Water Pump Assemblies,EarthMovers,https://mekoautoindia.com/product/m-2003,https://mekoautoindia.com/image/catalog/product_images/M-2003.2.png,M-2003.png,,,0
READY,M-620,MARUTI 800 (AC / NON-AC) / VAN / GYPSY CAR / MARUTI SUZUKI SUPER CARRY (MINI LOADER) / OMNI 796CC (F8B) ENG.,17400 M7811 / 78100 / 73012 / 17400M84400,Automotive Water Pump Assemblies,Light Trucks And Buses,https://mekoautoindia.com/product/m-620,https://mekoautoindia.com/image/catalog/product_images/M-620.2.png,M-620.png,,,0
READY,M-634,MARUTI ZEN-MPI / ESTEEM-MPI / EECO / RITZ PETROL / SWIFT PETROL / VERNA WAGONR (OLD) / ZEN / ALTO (OLD) 1.1L / 1.0L PETROL ENG.,17400 82850 / M82631 / 32 / 17400M83F04,Automotive Water Pump Assemblies,Light Trucks And Buses,https://mekoautoindia.com/product/m-634,https://mekoautoindia.com/image/catalog/product_images/M-634.2.png,M-634.png,,,0
READY,M-635,"ALTO / MPFI / STELO ZEN / ALTO F8D, F10D WAGON R STELO ZEN ALTO 800 / ALTO (NEW GEN) F8D / K10 ENG.",17400M79F00 / 17400M79F11 / 17400M53M02,Automotive Water Pump Assemblies,Light Trucks And Buses,https://mekoautoindia.com/product/m-635,https://mekoautoindia.com/image/catalog/product_images/M-635.2.png,M-635.png,,,0
READY,M-635 A,ALTO K10 / MARUTI A-STAR / CIAZ / ERTIGA / CELERIO / BALENO / ZEN ESTILO / IGNIS / RITZ PETROL / SWIFT DEZIRE PETROL / K-SERIES ALL ENG. NEW SWIFT / BALENO / WAGON R / IGNIS / CELERIO / FRONX / JIMNY K12M / K12N / K 10C ENG.,17400M67L20 / 17400M67 L00 /17400M67L24 / 17400M68K00,Automotive Water Pump Assemblies,Light Trucks And Buses,https://mekoautoindia.com/product/m-635-a,https://mekoautoindia.com/image/catalog/product_images/M-635A.2.png,M-635_A.png,,,0
READY,M-635 B,ALTO NEW MODEL,,Automotive Water Pump Assemblies,,https://mekoautoindia.com/product/m-635-b,https://mekoautoindia.com/image/catalog/product_images/M-635%20B.png,M-635_B.png,,,0
READY,M-631,"MARUTI SWIFT & DZIRE 2007-2020 / ERTIGA 2012-2015 / SX4 2011-2013 / RITZ 2009-2017 (DIESEL ENG., 6 PK BELT PULLEY) OLDER GEN SWIFT / DZIRE / RITZ / SX4 DIESEL DDiS DIESEL FAMILY (1.3L FIAT SOURCED ENG.)",17400M86J31,Automotive Water Pump Assemblies,Light Trucks And Buses,https://mekoautoindia.com/product/m-631,https://mekoautoindia.com/image/catalog/product_images/M-631.2.png,M-631.png,,,0
READY,M-631 A,"MARUTI SWIFT NEW MODEL DIESEL (PULLEY 6 PK) SWIFT / DZIRE / BREZZA / BALENO / ERTIGA / CIAZ, S-CROSS / RITZ / SX4 (ALL 1.3 L DIESEL) DDiS DIESEL FAMILY (1.3L FIAT-SOURCED ENG.)",17400M86J41,Automotive Water Pump Assemblies,Light Trucks And Buses,https://mekoautoindia.com/product/m-631-a,https://mekoautoindia.com/image/catalog/product_images/M-631%20A.png,M-631_A.png,,,0
READY,M-631 B,MARUTI CIAZ / ERTIGA DIESEL (PULLEY 4 PK) S-CROSS / VITARA BREZZA / CIAZ (DIESEL) DDiS DIESEL FAMILY (1.3L FIAT-SOURCED ENG.),17400M79MA0,Automotive Water Pump Assemblies,Light Trucks And Buses,https://mekoautoindia.com/product/m-631-b,https://mekoautoindia.com/image/catalog/product_images/M-631B.2.png,M-631_B.png,,,0
READY,M-646,HYUNDAI SANTRO / SANTRO XING / EON / GETZ [1.1L PETROL ENGINE (EPSILON)] 0.8 L PETROL,25100-02588,Automotive Water Pump Assemblies,Light Trucks And Buses,https://mekoautoindia.com/product/m-646,https://mekoautoindia.com/image/catalog/product_images/M-646.1.png,M-646.png,,,0
READY,M-646 B,HYUNDAI i10 / AURA / EXTER / XCENT / i10 OLD i20 / ELITE i20 / VERNA [1.2L PETROL ENG. (KAPP,25100-03010 / 25100-2A020,Automotive Water Pump Assemblies,Light Trucks And Buses,https://mekoautoindia.com/product/m-646-b,https://mekoautoindia.com/image/catalog/product_images/M-646B.1.png,M-646_B.png,,,0
READY,M-646 C,HYUNDAI i20 DIESEL ENG. / VERNA FLUIDIC DIESEL ENG. / AURA CRETA / ALCAZAR / VENUE (1.4L / 1.5L DIESEL) ENG. [1.1L / 1.2L DIESEL ENG.(U2)],20100-2A020 / 25100-2A020,Automotive Water Pump Assemblies,Light Trucks And Buses,https://mekoautoindia.com/product/m-646-c,https://mekoautoindia.com/image/catalog/product_images/M-646C.2.png,M-646_C.png,,,0
READY,M-636,"TOYOTA FORTUNER 1ST GEN, 1ST GEN F/L; INNOVA 1ST GEN, 1ST GEN F/L 2.5 L DIESEL ENG. INNOVA (OLD) / FORTUNER (OLD) / LAND CRUISER 2.5L DIESEL (2KD-FTV) ENG.",1619261 / 16100-09261 / 16100-09260,Automotive Water Pump Assemblies,Light Trucks And Buses,https://mekoautoindia.com/product/m-636,https://mekoautoindia.com/image/catalog/product_images/M-636.png,M-636.png,,,0
READY,M-604,"DCM TOYOTA 13-B, 14-B DIESEL ENG.",16100 56050A 16100 56050E,Automotive Water Pump Assemblies,Light Trucks And Buses,https://mekoautoindia.com/product/m-604,https://mekoautoindia.com/image/catalog/product_images/M-604.png,M-604.png,,,0
READY,M-652,TOYOTA QUALIS,,Automotive Water Pump Assemblies,Light Trucks And Buses,https://mekoautoindia.com/product/m-652,https://mekoautoindia.com/image/catalog/product_images/M-652.png,M-652.png,,,0
READY,M-652 A,"TOYOTA COROLLA ALTIS E140 10TH GEN, E170 11TH GEN / ETIOS / ETIOS LIVA 1.4 L 1.4L DIESEL (D-4D) ENG.",16100-39526,Automotive Water Pump Assemblies,Light Trucks And Buses,https://mekoautoindia.com/product/m-652-a,https://mekoautoindia.com/image/catalog/product_images/M-652%20A.png,M-652_A.png,,,0
READY,M-676,HONDA AMAZE DIESEL / CITY / AMAZE / JAZZ / WR-V / BR-V 1.5L i-DTEC (DIESEL) ENG.,19200-RZ0-G01,Automotive Water Pump Assemblies,Light Trucks And Buses,https://mekoautoindia.com/product/m-676,https://mekoautoindia.com/image/catalog/product_images/M-676.png,M-676.png,,,0
READY,M-639,CHEVROLET TAVERA,,Automotive Water Pump Assemblies,Light Trucks And Buses,https://mekoautoindia.com/product/m-639,https://mekoautoindia.com/image/catalog/product_images/M-639.png,M-639.png,,,0
READY,M-639 A,CHEVROLET ENJOY (WITH MULTI-GROOVE PULLEY),,Automotive Water Pump Assemblies,Light Trucks And Buses,https://mekoautoindia.com/product/m-639-a,https://mekoautoindia.com/image/catalog/product_images/M-639%20A.png,M-639_A.png,,,0
READY,M-627,ISUZU CONTESSA CLASSIC PETROL ENG,306 1200 2410,Automotive Water Pump Assemblies,Light Trucks And Buses,https://mekoautoindia.com/product/m-627,https://mekoautoindia.com/image/catalog/product_images/M-627.png,M-627.png,,,0
READY,M-628,ISUZU DIESEL ENG.,306 1200 1011,Automotive Water Pump Assemblies,Light Trucks And Buses,https://mekoautoindia.com/product/m-628,https://mekoautoindia.com/image/catalog/product_images/M-628.2.png,M-628.png,,,0
READY,M-605,ALLWIN NISSAN,L21010-TA-201,Automotive Water Pump Assemblies,Light Trucks And Buses,https://mekoautoindia.com/product/m-605,https://mekoautoindia.com/image/catalog/product_images/M-605.png,M-605.png,,,0
READY,M-625,NISSAN CD-17 (GEAR DRIVEN TYPE),210 10 58001,Automotive Water Pump Assemblies,Light Trucks And Buses,https://mekoautoindia.com/product/m-625,https://mekoautoindia.com/image/catalog/product_images/M-625.png,M-625.png,,,0
READY,M-1066,LAND ROVER 2.25 PETROL & DIESEL (SERIES 2A & 3) (9 STUD WATER PUMP),STC3758 / ERC9178 / RTC6328,Automotive Water Pump Assemblies,,https://mekoautoindia.com/product/m-1066,https://mekoautoindia.com/image/catalog/product_images/M-1066.2.png,M-1066.png,,,0
READY,M-1067,"LAND ROVER SERIES 1-1948-58 PETROL ENGINE 80"", 86"", 88""",269974,Automotive Water Pump Assemblies,,https://mekoautoindia.com/product/m-1067,https://mekoautoindia.com/image/catalog/product_images/M-1067.1.png,M-1067.png,,,0
READY,M-645,AMBASSADOR HM PLUS ENG. (HIGH DISCHARGE PUMP; FAN MTG. DIA: 31.5 MM),4061200040 / 4061200001,Automotive Water Pump Assemblies,Light Trucks And Buses,https://mekoautoindia.com/product/m-645,https://mekoautoindia.com/image/catalog/product_images/M-645.2.png,M-645.png,,,0
READY,M-623,AMBASSADOR PETROL (FAN MTG. DIA: 31.5 MM),162309 / 8419,Automotive Water Pump Assemblies,Light Trucks And Buses,https://mekoautoindia.com/product/m-623,https://mekoautoindia.com/image/catalog/product_images/M-623.png,M-623.png,,,0
READY,M-674,VOLKSWAGEN POLO / VENTO / SKODA DIESEL ENG.,,Automotive Water Pump Assemblies,Light Trucks And Buses,https://mekoautoindia.com/product/m-674,https://mekoautoindia.com/image/catalog/product_images/M-674.png,M-674.png,,,0
READY,M-829,BALWAN TRACTOR,(Not Listed),Automotive Water Pump Assemblies,Tractors,https://mekoautoindia.com/product/m-829,https://mekoautoindia.com/image/catalog/product_images/M-829.2.png,M-829.png,,,0
READY,M-401,JCB 3CX 4 CX BACKHOE LOADER,320 / A8514,Bearing Housing Fan Assembly,Bearing Housing Fan Assembly,https://mekoautoindia.com/product/m-401,https://mekoautoindia.com/image/catalog/product_images/M-401.2.png,M-401.png,,,0
READY,M-410,LEYLAND BEARING HOUSING FAN ASSY. L&T WHEEL LOADER 920 ( FLOWER TYPE HUB & FRONT BIG HOLE CLOSED WITH ONE SIDE TUBE ),,Bearing Housing Fan Assembly,Bearing Housing Fan Assembly,https://mekoautoindia.com/product/m-410,https://mekoautoindia.com/image/catalog/product_images/M-410.2.png,M-410.png,,,0
READY,M-411,LEYLAND BEARING HOUSING FAN ASSY. L&T WHEEL LOADER 920 ( FLOWER TYPE HUB & FRONT BIG HOLE OPEN WITH TWO TUBES ),,Bearing Housing Fan Assembly,Bearing Housing Fan Assembly,https://mekoautoindia.com/product/m-411,https://mekoautoindia.com/image/catalog/product_images/M-411.1.png,M-411.png,,,0
READY,M-412,LEYLAND BEARING HOUSING FAN ASSY. / L&T WHEEL LOADER 920 ( ROUND HUB & FRONT BIG HOLE CLOSED WITH ONE SIDE ),,Bearing Housing Fan Assembly,Bearing Housing Fan Assembly,https://mekoautoindia.com/product/m-412,https://mekoautoindia.com/image/catalog/product_images/M-412.2.png,M-412.png,,,0
READY,M-413,LEYLAND BEARING HOUSING FAN ASSY. L&T WHEEL LOADER 920 ( ROUND HUB & FRONT BIG HOLE OPEN WITH TWO TUBES ),,Bearing Housing Fan Assembly,Bearing Housing Fan Assembly,https://mekoautoindia.com/product/m-413,https://mekoautoindia.com/image/catalog/product_images/M-413.png,M-413.png,,,0
READY,M-402,"TC O/M / SIGNA O/M / 2518 O/M, KOMATSU PC 210, CUMMINS 6 BT QSB",6754-61-3210 / 3913433 5263160 / 5305508 / 4932307 3902351 / 3911204,Bearing Housing Fan Assembly,Bearing Housing Fan Assembly,https://mekoautoindia.com/product/m-402,https://mekoautoindia.com/image/catalog/product_images/M-402.4.png,M-402.png,,,0
READY,M-403,TC N/M / SIGNA N/M / 2518 N/M (WITH CUT TYPE HOUSING),,Bearing Housing Fan Assembly,Bearing Housing Fan Assembly,https://mekoautoindia.com/product/m-403,https://mekoautoindia.com/image/catalog/product_images/M-403.2.png,M-403.png,,,0
READY,M-404,"AMW / 3118 EX / EURO-III, KOMATSU PC 200-6 PC220-6, CUMMINS 4BT / 6BT 5.9L",6735-61-3300 4981215 3285949 / 4932910,Bearing Housing Fan Assembly,Bearing Housing Fan Assembly,https://mekoautoindia.com/product/m-404,https://mekoautoindia.com/image/catalog/product_images/M-404.2.png,M-404.png,,,0
READY,M-405,"TATA ULTRA N/M 1512 BS6 (HUB WITH 6 HOLES, THREAD SIZE M 8 X 1.25) (PULLEY LOCATION DIA : 45 MM)",570620140147 370620 140 135,Bearing Housing Fan Assembly,Bearing Housing Fan Assembly,https://mekoautoindia.com/product/m-405,https://mekoautoindia.com/image/catalog/product_images/M-405.2.png,M-405.png,,,0
READY,M-406,"TATA ULTRA N/M 1512 BS 3/4 (HUB WITH 4 HOLES, THREAD SIZE M 8 X 1.25) (PULLEY LOCATION DIA : 32 MM)",570620140138,Bearing Housing Fan Assembly,Bearing Housing Fan Assembly,https://mekoautoindia.com/product/m-406,https://mekoautoindia.com/image/catalog/product_images/M-406.2.png,M-406.png,,,0
READY,M-407,TATA ULTRA OLD MODEL,,Bearing Housing Fan Assembly,Bearing Housing Fan Assembly,https://mekoautoindia.com/product/m-407,https://mekoautoindia.com/image/catalog/product_images/M-407.png,M-407.png,,,0
READY,M-408,EICHER BEARING HOUSING FAN ASSY.,ID 347361,Bearing Housing Fan Assembly,Bearing Housing Fan Assembly,https://mekoautoindia.com/product/m-408,https://mekoautoindia.com/image/catalog/product_images/M-408.2.png,M-408.png,,,0
READY,M-409,TATA PRIMA SIGNA,,Bearing Housing Fan Assembly,Bearing Housing Fan Assembly,https://mekoautoindia.com/product/m-409,https://mekoautoindia.com/image/catalog/product_images/M-409.2.png,M-409.png,,,0
READY,M-539,TATA 2515 / 1613 / 1312 TURBO EX / TATA 909 / 1109 BS-VI ULTRA (GREASE LESS) (FLANGE TYPE WITH SMALL ALUM. ADAPTOR) (WITH FLOWER TYPE 4 HOLE HUB),,Automotive Water Pump Assemblies,Heavy Trucks And Buses,https://mekoautoindia.com/product/m-539,https://mekoautoindia.com/image/catalog/product_images/M-539.jpeg,M-539.jpeg,,,0
READY,M-540,TATA 909 / 1313 FLANGE TYPE / MERCEDES-BENZ 3532005601 (WITH BIG BASE PLATE),2525 2010 0103 0105 3532005601 3522009501 / 3522009701 3532001701,Automotive Water Pump Assemblies,Heavy Trucks And Buses,https://mekoautoindia.com/product/m-540,https://mekoautoindia.com/image/catalog/product_images/M-540.2.png,M-540.png,,,0
READY,M-849,TATA 1613 / 1614 / 1109 / 2515 TURBO BS-III ENGINE (WITH SMALL BASE PLATE),2525 20 100126 / 125,Automotive Water Pump Assemblies,Heavy Trucks And Buses,https://mekoautoindia.com/product/m-849,https://mekoautoindia.com/image/catalog/product_images/M-849.png,M-849.png,,,0
READY,M-504,TATA 609 / 709 LPT / MERCEDES 407 / 607 / 709 / LPT 497 / 609 ENGINE,2527 2010 0104,Automotive Water Pump Assemblies,Heavy Trucks And Buses,https://mekoautoindia.com/product/m-504,https://mekoautoindia.com/image/catalog/product_images/M-504.3.png,M-504.png,,,0
READY,M-854 H,TATA 1613 / 1614 / 1109 / 2515 EURO-II ENGINE 712 BS-II / 709 EX BS II (WITHOUT BASE PLATE),2525 2010 0124,Automotive Water Pump Assemblies,Heavy Trucks And Buses,https://mekoautoindia.com/product/m-854-h,https://mekoautoindia.com/image/catalog/product_images/M-854H.1.png,M-854_H.png,,,0
READY,M-855 H,TATA 1312 / 1510 / 1612 O/M (697 ENG.) (WITHOUT BASE PLATE),2525 2010 0106,Automotive Water Pump Assemblies,Heavy Trucks And Buses,https://mekoautoindia.com/product/m-855-h,https://mekoautoindia.com/image/catalog/product_images/M-855%20H.png,M-855_H.png,,,0
READY,M-857 H,TATA 1613 / 1614 / 1109 / 2515 TURBO EURO-III ENGINE (WITHOUT BASE PLATE),2525 2010 0126,Automotive Water Pump Assemblies,Heavy Trucks And Buses,https://mekoautoindia.com/product/m-857-h,https://mekoautoindia.com/image/catalog/product_images/M-857%20H.png,M-857_H.png,,,0
READY,M-504 H,TATA 609 / 709 LPT (WITHOUT BASE PLATE),2527 2010 0104,Automotive Water Pump Assemblies,Heavy Trucks And Buses,https://mekoautoindia.com/product/m-504-h,https://mekoautoindia.com/image/catalog/product_images/M-504HN.png,M-504_H.png,,,0
READY,M-845,TATA 2515 C EX / TATA 1613 / 2516 BS-II TC TURBO / 1512 C (WITH SG IRON PULLEY) (WITH DOUBLE LIP SHEET METAL IMPELLER) 1613 TC / 2516 TC / 1212 CUMMINS 6 BT (LOW FLOE) ENG.,2786 2099 9959,Automotive Water Pump Assemblies,Heavy Trucks And Buses,https://mekoautoindia.com/product/m-845,https://mekoautoindia.com/image/catalog/product_images/M-845.3.png,M-845.png,,,0
READY,M-845 A,TATA PRIMA TRUCK 2528 / 2786 / 2099 / 0196 (ALL MODELS) / MARCO POLO 4923 / BS-III TC N/M (WITH SG IRON PULLEY) (WITH INDUSTRIAL PLASTIC IMPELLER) 1618 / 2518 / 2523 / LPT 3118 / PRIME LX CUMMINS 6BT (HIGH FLOW) ENG.,2786 2099 0153 | 2786 2099 9972 | 2786 2099 0196 | 278620990220,Automotive Water Pump Assemblies,Heavy Trucks And Buses,https://mekoautoindia.com/product/m-845-a,https://mekoautoindia.com/image/catalog/product_images/M-845A.2.png,M-845_A.png,,,0
READY,M-847,"TATA SIGNA BS4 (WITH SG IRON GRADED PULLEY) (WITH SMALLER TC PULLEY, DIA : 82 MM)",2786 2099 0220,Automotive Water Pump Assemblies,Heavy Trucks And Buses,https://mekoautoindia.com/product/m-847,https://mekoautoindia.com/image/catalog/product_images/M-847.1.png,M-847.png,,,0
READY,M-851,TATA 1210 / MERCEDES 1210 / 1210 SE / OLDER BUSES 1210 DESIGN (CLASSIC) ENG.,2523 2010 0103 113/114 012200201J,Automotive Water Pump Assemblies,Heavy Trucks And Buses,https://mekoautoindia.com/product/m-851,https://mekoautoindia.com/image/catalog/product_images/M-851.1.png,M-851.png,,,0
READY,M-506 MD,LEYLAND 370 MARINE / INDUSTRIAL ENGINE (SINGLE PORT OUTLET) (WITH NYLON GLASS FILLED PLASTIC IMPELLER),B2000801 / NPN1 604006 600718 B2000805,Automotive Water Pump Assemblies,Heavy Trucks And Buses,https://mekoautoindia.com/product/m-506-md,https://mekoautoindia.com/image/catalog/product_images/M-506%20MD.png,M-506_MD.png,,,0
READY,M-511,LEYLAND 3516 / 2516 (SINGLE PORT OUTLET) (WITH BRASS IMPELLER),A7040100 / B7007101 B2027902,Automotive Water Pump Assemblies,Heavy Trucks And Buses,https://mekoautoindia.com/product/m-511,https://mekoautoindia.com/image/catalog/product_images/M-511.png,M-511.png,,,0
READY,M-511 MD,LEYLAND 3516 / 2516 (SINGLE PORT OUTLET) (WITH NYLON GLASS FILLED PLASTIC IMPELLER),A7040100 / B7007101 B2027902,Automotive Water Pump Assemblies,Heavy Trucks And Buses,https://mekoautoindia.com/product/m-511-md,https://mekoautoindia.com/image/catalog/product_images/M-511%20MD.png,M-511_MD.png,,,0
READY,M-524,LEYLAND IVECO / FIAT / FIATAGRI / SPERRY NEW HOLLAND (SPLIT TYPE CNG),100670001 / 002 / 98465322 / 325 / 98497117 / 11898415831,Automotive Water Pump Assemblies,Heavy Trucks And Buses,https://mekoautoindia.com/product/m-524,https://mekoautoindia.com/image/catalog/product_images/M-524.2.png,M-524.png,,,0
READY,M-512,LEYLAND 402 / 410 / 411 / 420 ENG. (DAF) (TWIN PORT OUTLET) (WITH BRASS IMPELLER),10906727 / HAJ8382,Automotive Water Pump Assemblies,Heavy Trucks And Buses,https://mekoautoindia.com/product/m-512,https://mekoautoindia.com/image/catalog/product_images/M-512.2.png,M-512.png,,,0
READY,M-1028 AC,CUMMINS QSM11 DIESEL ENGINE (SHORT SHAFT TYPE) (WITH BASE COVER),4972857 / 4955706 | 4926553,Automotive Water Pump Assemblies,D.G. Gensets,https://mekoautoindia.com/product/m-1028-ac,https://mekoautoindia.com/image/catalog/product_images/M-1028AC.2.png,M-1028_AC.png,,,0
READY,M-1029,CUMMINS L10,3801840 / 382550 / 3803402,Automotive Water Pump Assemblies,D.G. Gensets,https://mekoautoindia.com/product/m-1029,https://mekoautoindia.com/image/catalog/product_images/M-1029.png,M-1029.png,,,0
READY,M-1031,CUMMINS ENG. N14 NEW MODEL (EXCAVATOR / GENSET / DUMPER TRUCK),3803605 / 3803361 / 3067998 | 4089908 / 4089158RX / 4026702 | 4025097RX / 4025097 / 4024845 | 3800495 / 4089908NX,Automotive Water Pump Assemblies,D.G. Gensets,https://mekoautoindia.com/product/m-1031,https://mekoautoindia.com/image/catalog/product_images/M-1031.2.png,M-1031.png,,,0
READY,M-836 H,"LEYLAND 680 ENG. (WITH PULLEY, WITHOUT BASE PLATE)",F39100100 / 569056,Automotive Water Pump Assemblies,D.G. Gensets,https://mekoautoindia.com/product/m-836-h,https://mekoautoindia.com/image/catalog/product_images/M-836%20H.png,M-836_H.png,,,0
READY,M-836 HA,"LEYLAND 680 ENG. (WITHOUT BASE PLATE, HUB & PULLEY)",F39100100 / 569056,Automotive Water Pump Assemblies,D.G. Gensets,https://mekoautoindia.com/product/m-836-ha,https://mekoautoindia.com/image/catalog/product_images/M-836%20HA.png,M-836_HA.png,,,0
READY,M-836 CA,"LEYLAND 680 ENG. (COMPLETE ASSLY. WITH BASE PLATE, HUB AND PULLEY)",F39100100 / 569056,Automotive Water Pump Assemblies,D.G. Gensets,https://mekoautoindia.com/product/m-836-ca,https://mekoautoindia.com/image/catalog/product_images/M-836%20CA.png,M-836_CA.png,,,0
READY,M-838 H,"LEYLAND 690 ENG. (WITH PULLEY, WITHOUT BASE PLATE)",A7070400 / A7074600 / B7074604,Automotive Water Pump Assemblies,D.G. Gensets,https://mekoautoindia.com/product/m-838-h,https://mekoautoindia.com/image/catalog/product_images/M-838%20H.2.png,M-838_H.png,,,0
READY,M-838 HA,"LEYLAND 690 ENG. (WITHOUT BASE PLATE, HUB & PULLEY)",A7070400 / A7074600 / B7074604,Automotive Water Pump Assemblies,D.G. Gensets,https://mekoautoindia.com/product/m-838-ha,https://mekoautoindia.com/image/catalog/product_images/M-838%20HA.png,M-838_HA.png,,,0
READY,M-838 CA,"LEYLAND 690 COMPLETE ASSLY. (WITH BASE PLATE, HUB AND PULLEY)",A7070400 / A7074600 / B7074604,Automotive Water Pump Assemblies,D.G. Gensets,https://mekoautoindia.com/product/m-838-ca,https://mekoautoindia.com/image/catalog/product_images/M-838%20CA.png,M-838_CA.png,,,0
READY,M-851 A,TATA HITACHI BS6 EARTH MOVER (GREASE LESS) (WITH INTEGRAL SHAFT BEARING),2524 2010 0137,Automotive Water Pump Assemblies,EarthMovers,https://mekoautoindia.com/product/m-851-a,https://mekoautoindia.com/image/catalog/product_images/M-851%20A.2.png,M-851_A.png,,,0
READY,M-839 J,MAHINDRA CRANE EARTHMASTER SX / VX TIER - 3 (T.HT. MORE THAN M-839),006015185H92 006004367F93,Automotive Water Pump Assemblies,EarthMovers,https://mekoautoindia.com/product/m-839-j,https://mekoautoindia.com/image/catalog/product_images/M-839%20J.png,M-839_J.png,,,0
READY,M-519 / M-1011,"PERKINS MF FORDSON E27N TRACTOR (MAJOR PERKINS L4, P4, P6 ENG.) HYSTER FORKLIFT A4.203 MASSEY HARRIS 744 (S4 HP QHL TYPE) (FAN MTG. DIA : 41.5 MM)",57746,Automotive Water Pump Assemblies,EarthMovers,https://mekoautoindia.com/product/m-519-m-1011,https://mekoautoindia.com/image/catalog/product_images/M-519.png,M-519_M-1011.png,,,0
READY,M-545 / M-1012,PERKINS L4 P4 S4 S433 TRACTOR ENG. OLD TYPE (WITH A BELT PULLEY) (FAN MTG. DIA : 41 MM),S4009930 L99DE00866 S4099237,Automotive Water Pump Assemblies,EarthMovers,https://mekoautoindia.com/product/m-545-m-1012,https://mekoautoindia.com/image/catalog/product_images/M-545.2.png,M-545_M-1012.png,,,0
READY,M-649,ESCORT CRANE TRACTOR (FAN MTG. DIA: 40 MM),LS 40099101,Automotive Water Pump Assemblies,EarthMovers,https://mekoautoindia.com/product/m-649,https://mekoautoindia.com/image/catalog/product_images/M-649.2.png,M-649.png,,,0
READY,M-649 A,ESCORT POWERTRAC 430 TRACTOR HYDRA CRANE (DOUBLE BELT TYPE; PULLEY GROOVE OD: 127 MM),,Automotive Water Pump Assemblies,EarthMovers,https://mekoautoindia.com/product/m-649-a,https://mekoautoindia.com/image/catalog/product_images/M-649A.2.png,M-649_A.png,,,0
READY,M-603,TATA 407 / 608 (TATA 597 ENGINE) (SHAFT WITH NUT TYPE),2534 2010 0120,Automotive Water Pump Assemblies,Light Trucks And Buses,https://mekoautoindia.com/product/m-603,https://mekoautoindia.com/image/catalog/product_images/M-603.1.png,M-603.png,,,0
READY,M-650,TATA 407 / 608 BS-III TURBO MODEL / TATA 4 SP / SAFARI DECOR 3.0 / SUMO SPACIO (SHAFT WITHOUT NUT TYPE),2534 2010 0120 2534 2010 0124,Automotive Water Pump Assemblies,Light Trucks And Buses,https://mekoautoindia.com/product/m-650,https://mekoautoindia.com/image/catalog/product_images/M-650.5.png,M-650.png,,,0
READY,M-664,TATA 207 DI 3.5 L BS-IV SUMO VICTA GOLD (WITH L TYPE TUBE IN BASE PLATE),253420100147 | 253420100133 | 0304EAM00240N,Automotive Water Pump Assemblies,Light Trucks And Buses,https://mekoautoindia.com/product/m-664,https://mekoautoindia.com/image/catalog/product_images/M-664.2.png,M-664.png,,,0
READY,M-664 A,TATA 407 BS-IV / SUMO VICTA GOLD (C.I. PUMP WITH STRAIGHT TUBE IN BASE PLATE),2534 2010 0153,Automotive Water Pump Assemblies,Light Trucks And Buses,https://mekoautoindia.com/product/m-664-a,https://mekoautoindia.com/image/catalog/product_images/M-664A%20New.png,M-664_A.png,,,0
READY,M-664 B,TATA 207 DI BS-IV / SUMO VICTA GOLD / TATA XENON (ALUM. PUMP WITH STRAIGHT TUBE IN BASE PLATE),2534 2010 0153,Automotive Water Pump Assemblies,Light Trucks And Buses,https://mekoautoindia.com/product/m-664-b,https://mekoautoindia.com/image/catalog/product_images/M-664B.1.png,M-664_B.png,,,0
READY,M-664 C,TATA 407 BS-VI (ALUM. PUMP WITH TWO TUBES IN BASE PLATE),2534 2010 0201,Automotive Water Pump Assemblies,Light Trucks And Buses,https://mekoautoindia.com/product/m-664-c,https://mekoautoindia.com/image/catalog/product_images/M-664%20C%20New.png,M-664_C.png,,,0
READY,M-664 E,TATA 407 BS-VI - PH2 (WITH THREADED HUB) (ALUM. PUMP WITH TWO TUBES IN BASE PLATE),2534 2010 0220,Automotive Water Pump Assemblies,Light Trucks And Buses,https://mekoautoindia.com/product/m-664-e,https://mekoautoindia.com/image/catalog/product_images/M-664%20E.png,M-664_E.png,,,0
READY,M-664 D,TATA 407 BS-IV / TATA ULTRA BS-IV (ALUM. PUMP WITH ONE TUBE IN BASE PLATE),,Automotive Water Pump Assemblies,Light Trucks And Buses,https://mekoautoindia.com/product/m-664-d,https://mekoautoindia.com/image/catalog/product_images/M-664%20D.png,M-664_D.png,,,0
READY,M-665,TATA 410 BS-III OLD MODEL,2534 2010 0124,Automotive Water Pump Assemblies,Light Trucks And Buses,https://mekoautoindia.com/product/m-665,https://mekoautoindia.com/image/catalog/product_images/M-665new.png,M-665.png,,,0
READY,M-522,"TATA ULTRA 3.3 LTR / STAR BUS BS-IV (SG GRADED PULLEY, DIA : 106 MM)",570620100101,Automotive Water Pump Assemblies,Light Trucks And Buses,https://mekoautoindia.com/product/m-522,https://mekoautoindia.com/image/catalog/product_images/M-522.2.png,M-522.png,,,0
READY,M-522 A,"TATA SIGNA / MARCO POLO ULTRA 3.3 LTR NGE BS-IV AND BS-VI (HIGH DISCHARGE PUMP WITH BIG BRG. AND SMALLER SG IRON GRADED PULLEY, DIA : 86.50 MM)",570620100104,Automotive Water Pump Assemblies,Light Trucks And Buses,https://mekoautoindia.com/product/m-522-a,https://mekoautoindia.com/image/catalog/product_images/M-522%20A.2.png,M-522_A.png,,,0
READY,M-647,"TATA ACE / TATA INDICA / TATA INDIGO BS-I, BS-II, BS-III, BS-IV, BS-VI",2790 2010 0108 | 2790 2010 0103 | 2788 2010 0101,Automotive Water Pump Assemblies,Light Trucks And Buses,https://mekoautoindia.com/product/m-647,https://mekoautoindia.com/image/catalog/product_images/M-647.2.png,M-647.png,,,0
READY,M-647 B,TATA INDIGO ECS / TATA DICOR TATA SUPPER ACE / CR4 / SAFARI / 1.4 L TATA INTRA V10 V20 / V30 / BS-IV / BS-VI ACE / INTRA / INDIGO / TIAGO / ALTROZ / NEXON / CURVV / INTRA V30 1.4 DiCOR / 1.05L REVOTORQ (DIESEL) ENG. TATA NANO 624cc PETROL ENGINE,572420100101 / 279720100105,Automotive Water Pump Assemblies,Light Trucks And Buses,https://mekoautoindia.com/product/m-647-b,https://mekoautoindia.com/image/catalog/product_images/M-647BNew.png,M-647_B.png,,,0
READY,M-647 C,TATA ACE MEGA HEAVY DUTY ACE CNG NEW MODEL ( 2 MTG. HOLE PUMP),571020100103,Automotive Water Pump Assemblies,Light Trucks And Buses,https://mekoautoindia.com/product/m-647-c,https://mekoautoindia.com/image/catalog/product_images/M-647C.2.png,M-647_C.png,,,0
READY,M-647 D,TATA INTRA CNG V10 LHD 800 CC BS-IV / BS-VI ( 3 MTG. HOLE PUMP),571020100107,Automotive Water Pump Assemblies,Light Trucks And Buses,https://mekoautoindia.com/product/m-647-d,https://mekoautoindia.com/image/catalog/product_images/M-647%20D.2.png,M-647_D.png,,,0
READY,M-624,TATA SUMO / WINGER,2547 2010 0118 / 2523201100105,Automotive Water Pump Assemblies,Light Trucks And Buses,https://mekoautoindia.com/product/m-624,https://mekoautoindia.com/image/catalog/product_images/M-624.2.png,M-624.png,,,0
READY,M-629,TATA ARIA / XENON / HARRIER / HEXA / MOVUS / TATA SUMO GRANDE 2.2 TATA SAFARI DICOR 2.2 SAFARI STORME / ARIA / SUMO GRANDE / XENON 2.2L VTT DiCOR ENG.,278920100102 / 278920100106,Automotive Water Pump Assemblies,Light Trucks And Buses,https://mekoautoindia.com/product/m-629,https://mekoautoindia.com/image/catalog/product_images/M-629.2.png,M-629.png,,,0
READY,M-630,INDICA VISTA / INDIGO MANZA ( 7 PK BELT PULLEY ),,Automotive Water Pump Assemblies,Light Trucks And Buses,https://mekoautoindia.com/product/m-630,https://mekoautoindia.com/image/catalog/product_images/M-630.png,M-630.png,,,0
READY,M-670,LEYLAND DOST BS-IV,B9708235,Automotive Water Pump Assemblies,Light Trucks And Buses,https://mekoautoindia.com/product/m-670,https://mekoautoindia.com/image/catalog/product_images/M-670.2.png,M-670.png,,,0
READY,M-657 E,"EICHER PRO 3015 / 3016 / 1116 N/M (HOUSING PROFILE BIGGER THAN M-657 C, IMPELLER DIA : 110 MM, S.G. IRON PULLEY DIA : 104 MM)",,Automotive Water Pump Assemblies,Light Trucks And Buses,https://mekoautoindia.com/product/m-657-e,https://mekoautoindia.com/image/catalog/product_images/M-657E.2.png,M-657_E.png,,,0
READY,M-657 D,"EICHER JUMBO BUS BS IV (ALUMINIUM HOUSING WITH S.G. IRON GRADED PULLEY FASTENED ON HUB) (IMPELLER DIA : 99 MM, PULLEY DIA : 104 MM)",ID 316831,Automotive Water Pump Assemblies,Light Trucks And Buses,https://mekoautoindia.com/product/m-657-d,https://mekoautoindia.com/image/catalog/product_images/M-657D.2.png,M-657_D.png,,,0
READY,M-657 F,EICHER NEW MODEL (ALUMINIUM HOUSING WITHOUT PULLEY),ID 316831,Automotive Water Pump Assemblies,Light Trucks And Buses,https://mekoautoindia.com/product/m-657-f,https://mekoautoindia.com/image/catalog/product_images/M-657F.2.png,M-657_F.png,,,0
READY,M-660,"EICHER E474 / E366 DIESEL BS-VI ENGINE (WITH SG IRON GRADED PULLEY, DIA : 75 MM)",ID 606720 / ID 329877 ID 606730 / ID 351834,Automotive Water Pump Assemblies,Light Trucks And Buses,https://mekoautoindia.com/product/m-660,https://mekoautoindia.com/image/catalog/product_images/M-660.2.png,M-660.png,,,0
READY,M-607,EICHER CANTER OLD MODEL,ME-015045,Automotive Water Pump Assemblies,Light Trucks And Buses,https://mekoautoindia.com/product/m-607,https://mekoautoindia.com/image/catalog/product_images/M-607.3.png,M-607.png,,,0
READY,M-658,EICHER CANTER MINI OLD MODEL,80291950 / ID 205997,Automotive Water Pump Assemblies,Light Trucks And Buses,https://mekoautoindia.com/product/m-658,https://mekoautoindia.com/image/catalog/product_images/M-658.2.png,M-658.png,,,0
READY,M-626 B,"MAHINDRA XYLO S.U.V. / GENIO (ALUM. PUMP WITH 6 PK BELT PULLEY, SIDE PIPE CLOSE; ONE SIDE TUBE, BOTTOM TUBE AND ELBOW OUTLET IN HOUSING)",0304GC0040N,Automotive Water Pump Assemblies,Light Trucks And Buses,https://mekoautoindia.com/product/m-626-b,https://mekoautoindia.com/image/catalog/product_images/M-626%20B.png,M-626_B.png,,,0
READY,M-626 A,"MAHINDRA ZOOM LOAD KING CRDI / TOURISTER 25 SEAT (ALUM. PUMP WITH 5 PK BELT PULLEY, SIDE PIPE CLOSE; ONLY ONE ELBOW OUTLET IN HOUSING)",0304EC0550N,Automotive Water Pump Assemblies,Light Trucks And Buses,https://mekoautoindia.com/product/m-626-a,https://mekoautoindia.com/image/catalog/product_images/M-626A.2.png,M-626_A.png,,,0
READY,M-619,MAHINDRA SCORPIO S.U.V. (C.I. PUMP WITH 7 PK BELT PULLEY; ONE TUBE OUTLET IN HOUSING),24239,Automotive Water Pump Assemblies,Light Trucks And Buses,https://mekoautoindia.com/product/m-619,https://mekoautoindia.com/image/catalog/product_images/M-619.2.png,M-619.png,,,0
READY,M-619 A,MAHINDRA BUS NAVI STAR N/M / SCORPIO (C.I. PUMP WITH 7 PK BELT PULLEY; ONE ELBOW AND TWO TUBE OUTLETS IN HOUSING),,Automotive Water Pump Assemblies,Light Trucks And Buses,https://mekoautoindia.com/product/m-619-a,https://mekoautoindia.com/image/catalog/product_images/M-619A.2.png,M-619_A.png,,,0
READY,M-619 B,MAHINDRA NAVI STAR MAHINDRA BLAZO (S/F 6 CYL),0304EAV00010N,Automotive Water Pump Assemblies,Light Trucks And Buses,https://mekoautoindia.com/product/m-619-b,https://mekoautoindia.com/image/catalog/product_images/M-619%20B.png,M-619_B.png,,,0
READY,M-663,MAHINDRA BOLERO (SUITABLE FOR ALL MODELS) BOLERO PICK UP 1ST GEN. / 2ND GEN. 2.5 L / MAXI TRUCK / MAXX PICK UP / PICKUP FB EXTRA LONG (PULLEY GROOVE OD: 112 MM),0304EB0390N 0301BB0970N 0301BB0770N 0301BAB01320N,Automotive Water Pump Assemblies,Light Trucks And Buses,https://mekoautoindia.com/product/m-663,https://mekoautoindia.com/image/catalog/product_images/M-663.png,M-663.png,,,0
READY,M-663 A,MAHINDRA BOLERO (WITH SMALLER PULLEY GROOVE OD: 101 MM),,Automotive Water Pump Assemblies,Light Trucks And Buses,https://mekoautoindia.com/product/m-663-a,https://mekoautoindia.com/image/catalog/product_images/M-663A.png,M-663_A.png,,,0
READY,M-656,MAHINDRA SCORPIO LOADKING 2.6 LTR TOURISTER 25 SEAT (CAST IRON PUMP WITH 5 PK BELT PULLEY; BOTH BACK PIPE AND SIDE PIPE OUTLETS CLOSED IN HOUSING),0304EC0250N,Automotive Water Pump Assemblies,Light Trucks And Buses,https://mekoautoindia.com/product/m-656,https://mekoautoindia.com/image/catalog/product_images/M-656.png,M-656.png,,,0
READY,M-666,MAHINDRA LOADKING 576 DI TOURISTER 32 SEATER CRDI ENG. (CAST IRON PUMP WITH 5 PK BELT PULLEY; ONE OUTLET TUBE IN HOUSING),0304EC0360N,Automotive Water Pump Assemblies,Light Trucks And Buses,https://mekoautoindia.com/product/m-666,https://mekoautoindia.com/image/catalog/product_images/M-666.png,M-666.png,,,0
READY,M-667,MAHINDRA LOADKING 576 DI (CAST IRON PUMP WITH 5 PK BELT PULLEY; ONE OUTLET TUBE IN HOUSING),0304EC0450L,Automotive Water Pump Assemblies,Light Trucks And Buses,https://mekoautoindia.com/product/m-667,https://mekoautoindia.com/image/catalog/product_images/M-667.png,M-667.png,,,0
READY,M-668,MAHINDRA MAXIMO WITH TUBE (5 PK BELT PULLEY),31DAU00111N,Automotive Water Pump Assemblies,Light Trucks And Buses,https://mekoautoindia.com/product/m-668,https://mekoautoindia.com/image/catalog/product_images/M-668.1.png,M-668.png,,,0
READY,M-668 A,MAHINDRA MAXIMO LOADKING BS-II MAHINDRA SUPRO (WITH 5 PK BELT PULLEY AND A VERTICAL TUBE IN HOUSING),S0306B000011N,Automotive Water Pump Assemblies,Light Trucks And Buses,https://mekoautoindia.com/product/m-668-a,https://mekoautoindia.com/image/catalog/product_images/M-668A.2.png,M-668_A.png,,,0
READY,M-673,MAHINDRA JEETO,0304EAU00251N,Automotive Water Pump Assemblies,Light Trucks And Buses,https://mekoautoindia.com/product/m-673,https://mekoautoindia.com/image/catalog/product_images/M-673.2.png,M-673.png,,,0
READY,M-641,MAHINDRA GENIO / XYLO (ALUM. PUMP WITH 6 PK SMALL PULLEY AND TWO OUTLET TUBES IN HOUSING),0304EB0501N,Automotive Water Pump Assemblies,Light Trucks And Buses,https://mekoautoindia.com/product/m-641,https://mekoautoindia.com/image/catalog/product_images/M-641.2.png,M-641.png,,,0
READY,M-672,MAHINDRA EAGLE / HAWK S.U.V (4 PK BELT PULLEY),0304EM0050N,Automotive Water Pump Assemblies,Light Trucks And Buses,https://mekoautoindia.com/product/m-672,https://mekoautoindia.com/image/catalog/product_images/M-672.2.png,M-672.png,,,0
READY,M-672 A,MAHINDRA XUV 500 (WITH 6 PK BELT PULLEY FASTENED ON HUB) TUV300 DIESEL ENG.,0304EAM00240N,Automotive Water Pump Assemblies,Light Trucks And Buses,https://mekoautoindia.com/product/m-672-a,https://mekoautoindia.com/image/catalog/product_images/M-672%20A.png,M-672_A.png,,,0
READY,M-672 B,MAHINDRA TUV 300 / MAHINDRA XUV500 DIESEL ENG.,0311DAM00581N,Automotive Water Pump Assemblies,Light Trucks And Buses,https://mekoautoindia.com/product/m-672-b,https://mekoautoindia.com/image/catalog/product_images/M-672B.png,M-672_B.png,,,0
READY,M-672 C,MAHINDRA VERITO / RENAULT DUSTER,0304EAM00240N,Automotive Water Pump Assemblies,Light Trucks And Buses,https://mekoautoindia.com/product/m-672-c,https://mekoautoindia.com/image/catalog/product_images/M-672C.2.png,M-672_C.png,,,0
READY,M-615 A BELT,MAHINDRA JEEP DIESEL A BELT DX-556 (WITH SINGLE GROOVE PULLEY A BELT) (FAN MTG. DIA : 33 MM),84490,Automotive Water Pump Assemblies,Light Trucks And Buses,https://mekoautoindia.com/product/m-615-a-belt,https://mekoautoindia.com/image/catalog/product_images/M-615A.2.png,M-615_A_BELT.png,,,0
READY,M-615 B BELT,MAHINDRA JEEP DIESEL B BELT DX-556 (WITH SINGLE BELT PULLEY B GROOVE) (FAN MTG. DIA : 33 MM),51620,Automotive Water Pump Assemblies,Light Trucks And Buses,https://mekoautoindia.com/product/m-615-b-belt,https://mekoautoindia.com/image/catalog/product_images/M-615B.2.png,M-615_B_BELT.png,,,0
READY,M-675,FORD FIESTA DIESEL TRACTOR (GEAR - 21 TEETH),,Automotive Water Pump Assemblies,Light Trucks And Buses,https://mekoautoindia.com/product/m-675,https://mekoautoindia.com/image/catalog/product_images/M-675.png,M-675.png,,,0
READY,M-675 A,FORD FIESTA TITANIUM / ECO SPORT TRACTOR (GEAR - 19 TEETH),,Automotive Water Pump Assemblies,Light Trucks And Buses,https://mekoautoindia.com/product/m-675-a,https://mekoautoindia.com/image/catalog/product_images/M-675%20A.png,M-675_A.png,,,0
READY,M-809,MAHINDRA B-275 TRACTOR (PREMIER 137D DIESEL ENG.) (FAN MTG. DIA : 33.20 MM),005551027R91 703820R95 / 555736R91 5555118R91 3065132R92,Automotive Water Pump Assemblies,Tractors,https://mekoautoindia.com/product/m-809,https://mekoautoindia.com/image/catalog/product_images/M-809.2.png,M-809.png,,,0
READY,M-810,MAHINDRA B-275 DI INTL 575 DI MODEL TRACTOR (WITH LONG MOUTH) (FAN MTG. DIA : 33.20 MM),5554716R91 / 5555095R91 006003264A92 0555716R93 006016788891,Automotive Water Pump Assemblies,Tractors,https://mekoautoindia.com/product/m-810,https://mekoautoindia.com/image/catalog/product_images/M-810.2.png,M-810.png,,,0
READY,M-814,MAHINDRA SARPANCH (NST) INTL. 595 TURBO DI ENG. TRACTOR (FAN MTG. DIA : 33.20 MM),006003265A92,Automotive Water Pump Assemblies,Tractors,https://mekoautoindia.com/product/m-814,https://mekoautoindia.com/image/catalog/product_images/M-814.2.png,M-814.png,,,0
READY,M-814 A,MAHINDRA PUMP 4540 & 4550 MODELS TRACTOR (WITH ONE TUBE IN HOUSING) (FAN MTG. DIA : 33.20 MM),006016788 B91,Automotive Water Pump Assemblies,Tractors,https://mekoautoindia.com/product/m-814-a,https://mekoautoindia.com/image/catalog/product_images/M-814%20A.png,M-814_A.png,,,0
READY,M-837,MAHINDRA ARJUN DI NEW MODEL TRACTOR (WITH SINGLE GROOVE C.I. PULLEY AND LONG OUTLET TUBE IN HOUSING),006002847C91 / C3 | 00600203C91,Automotive Water Pump Assemblies,Tractors,https://mekoautoindia.com/product/m-837,https://mekoautoindia.com/image/catalog/product_images/M-837.2.png,M-837.png,,,0
READY,M-839,MAHINDRA ARJUN NOVO 605 DI-I TRACTOR (ELECTRONIC FUEL TYPE WITH TWO TUBES),006005618F4 | 006025604 H91,Automotive Water Pump Assemblies,Tractors,https://mekoautoindia.com/product/m-839,https://mekoautoindia.com/image/catalog/product_images/M-839new.png,M-839.png,,,0
READY,M-839 A,MAHINDRA 6565 ARJUN ULTRA HIGH DISCHARGE TRACTOR (WITH SINGLE TUBE) (FAN MTG. DIA : 30 MM),006004367F94,Automotive Water Pump Assemblies,Tractors,https://mekoautoindia.com/product/m-839-a,https://mekoautoindia.com/image/catalog/product_images/M-839%20A.2.png,M-839_A.png,,,0
READY,M-839 B,MAHINDRA DHRUV / YUVO TRACTOR (FAN MTG. DIA : 30 MM),006014971V91,Automotive Water Pump Assemblies,Tractors,https://mekoautoindia.com/product/m-839-b,https://mekoautoindia.com/image/catalog/product_images/M-839B.2.png,M-839_B.png,,,0
READY,M-843,MAHINDRA AGNI YUVRAJ 215 MINI TRACTOR (FAN MTG. DIA : 24 MM),006011797B91,Automotive Water Pump Assemblies,Tractors,https://mekoautoindia.com/product/m-843,https://mekoautoindia.com/image/catalog/product_images/M-843.png,M-843.png,,,0
READY,M-846,MAHINDRA YUVRAJ 215 TRACTOR (FAN MTG. DIA : 24 MM),006009094B91,Automotive Water Pump Assemblies,Tractors,https://mekoautoindia.com/product/m-846,https://mekoautoindia.com/image/catalog/product_images/M-846.1.png,M-846.png,,,0
READY,M-862 B,MAHINDRA JIVO 225 DI TRACTOR (FAN MTG. DIA : 26 MM),(Not Listed),Automotive Water Pump Assemblies,Tractors,https://mekoautoindia.com/product/m-862-b,https://mekoautoindia.com/image/catalog/product_images/M-862B.1.png,M-862_B.png,,,0
READY,M-866,MAHINDRA SWARAJ 843 XM 42-45 HP TRACTOR (WITH ADJUSTABLE DOUBLE GROOVE PULLEY) (PULLEY GROOVE OD : 158 MM),006002102B91,Automotive Water Pump Assemblies,Tractors,https://mekoautoindia.com/product/m-866,https://mekoautoindia.com/image/catalog/product_images/M-866.png,M-866.png,,,0
READY,M-823,MAHINDRA HINDUSTAN 50 / 60 TRACTOR,1050598,Automotive Water Pump Assemblies,Tractors,https://mekoautoindia.com/product/m-823,https://mekoautoindia.com/image/catalog/product_images/M-823.1.png,M-823.png,,,0
READY,M-1001 A,PERKINS MF A4.212 - A4.236 (WITH PULLEY) TRACTOR (PULLEY GROOVE OD : 124 MM) (FAN MTG. DIA : 41 MM),U5MW0104 / U5MW0064 / 41312323 / 3637411M91 / 3641832M91 / 4131A013 / 41312143 / 41313201,Automotive Water Pump Assemblies,Tractors,https://mekoautoindia.com/product/m-1001-a,https://mekoautoindia.com/image/catalog/product_images/M-1001A.2.png,M-1001_A.png,,,0
READY,M-1001 B,PERKINS MF A4.212 - A4.236 (WITH PULLEY) TRACTOR (PULLEY GROOVE OD : 118.5 MM) (FAN MTG. DIA : 41 MM),U5MW0104 / 3641832M91 / 4131A013 / U5MW0064 / 41312323 / 3637411M91 / 41312201 / 41312143 / 990091 / 999037K,Automotive Water Pump Assemblies,Tractors,https://mekoautoindia.com/product/m-1001-b,https://mekoautoindia.com/image/catalog/product_images/M-1001B.2.png,M-1001_B.png,,,0
READY,M-1001 C,PERKINS MF A4.212 - A4.236 (WITH PULLEY) TRACTOR (PULLEY GROOVE OD : 143 MM) (FAN MTG. DIA : 41 MM),U5MW0104 / 4131A013 / 41312143,Automotive Water Pump Assemblies,Tractors,https://mekoautoindia.com/product/m-1001-c,https://mekoautoindia.com/image/catalog/product_images/M-1001C.2.png,M-1001_C.png,,,0
READY,M-1002,PERKINS ENGINE 1004-40T - A4-238 / 1004-4 1004G 4.41 / 4.236 / 4.248 TRACTOR (WITHOUT PULLEY),U5MW0195 / U5MW0108 / 4222002M91 / 3637468M91 / 328361A1 / 3637468 / 3641263M91 / 41313227,Automotive Water Pump Assemblies,Tractors,https://mekoautoindia.com/product/m-1002,https://mekoautoindia.com/image/catalog/product_images/M-1002.2.png,M-1002.png,,,0
READY,M-1002 A,PERKINS ENGINE 1004-40T A4-238 TRACTOR (WITH PULLEY) (PULLEY GROOVE OD : 143 MM) (FAN MTG. DIA : 41 MM),U5MW0104 / 3641832M91 / 4131A013 / U5MW0064 / 41312323 / 3637411M91,Automotive Water Pump Assemblies,Tractors,https://mekoautoindia.com/product/m-1002-a,https://mekoautoindia.com/image/catalog/product_images/M-1002A.2.png,M-1002_A.png,,,0
READY,M-1003,"PERKINS 1000 SERIES 1004-40T, 1006-60TA (GEAR-16 TEETH) TRACTOR",U5MW0195 / 3637468 / 3641263M91 / 41313227 / U5MW0108 / 4222002M91 / 3641263M91 / 41313227 / 3637468M91 / 332 / H0895 / 02/202510 / U5MW0193,Automotive Water Pump Assemblies,Tractors,https://mekoautoindia.com/product/m-1003,https://mekoautoindia.com/image/catalog/product_images/M-1003.2.png,M-1003.png,,,0
READY,M-1003 A,"PERKINS 1000 SERIES 1004-40T, 1006-60TA (GEAR-19 TEETH) TRACTOR",U5MW0196 U5MW196 4224708M91,Automotive Water Pump Assemblies,Tractors,https://mekoautoindia.com/product/m-1003-a,https://mekoautoindia.com/image/catalog/product_images/M-1003%20A.1.png,M-1003_A.png,,,0
READY,M-1004,"PERKINS 1004-40T, 1006-60TW TRACTOR (* HOUSING HEIGHT FROM MOUNTING FACE TO TOP COLLAR FACE - 104 MM, * BEARING SLEEVE DIA IS 38 MM, * BACK PLATE WITHOUT HOLES & SCREWS, * THE HOUSING TOP COLLAR HAS RADIUS)",U5MW0156 / U5MW0159 / U5MW0160 / 4222466M91 / 02/200911 / 02/201391 / 02/201896 / 332/H0894 / 149-0539,Automotive Water Pump Assemblies,Tractors,https://mekoautoindia.com/product/m-1004,https://mekoautoindia.com/image/catalog/product_images/M-1004new.png,M-1004.png,,,0
READY,M-1004 B,"PERKINS 1006-60, 1006-60T, 1006-6T TRACTOR CAST IRON IMPELLER & BACK PLATE SAME AS M-1004 (OEM- U5MW0156 ) HOUSING HEIGHT FROM MOUNTING FACE TO TOP COLLAR FACE - 108 MM. BEARING SLEEVE DIA - 30 MM. HOUSING TOP COLLAR IS STRAIGHT WITHOUT RADIUS.",U5MW0160 / 4223566M91 / U5MW0144 / 5MW0156 / U5MW0157 / 4131E012,Automotive Water Pump Assemblies,Tractors,https://mekoautoindia.com/product/m-1004-b,https://mekoautoindia.com/image/catalog/product_images/M-1004B.2.png,M-1004_B.png,,,0
READY,M-1004 A,PERKINS TRACTOR PLATE IS DIFFERENT. IT IS WITH HOLES & BOLTS / SCREWS. CAST IRON IMPELLER DIFFERENT FROM M-1004 / M-1004 B. INTEGRAL SHAFT BEARING SLEEVE DIA IS 30 MM. HOUSING HEIGHT FROM MOUNTING FACE TO TOP COLLAR FACE - 98 MM.,U5MW0092 / 0140 / 0144 / 0157 / 3637243M91 / 4222028M91 / 02/201985 / 3637249M91 / 3638694M91,Automotive Water Pump Assemblies,Tractors,https://mekoautoindia.com/product/m-1004-a,https://mekoautoindia.com/image/catalog/product_images/M-1004A.2.png,M-1004_A.png,,,0
READY,M-1005,PERKINS 1104 C TRACTOR BACK PLATE & THE HOUSING MOUNTING FACE HAS 7 HOLES. THE CAST IRON IMPELLER IS DIFFERENT FROM M-1005 A. THE HOUSING TOP ALLUMINIUM GASKET IS SAME.,U5MW0194 / U5MW0206 / 4131A062 / 02201840 / 02202480 / 4225069M91 / 4226913M91,Automotive Water Pump Assemblies,Tractors,https://mekoautoindia.com/product/m-1005,https://mekoautoindia.com/image/catalog/product_images/M-1005.2.png,M-1005.png,,,0
READY,M-1005 A,PERKINS 1104D-44 2160 2200 TRACTOR BACK PLATE & THE HOUSING MOUNTING FACE HAS 8 HOLES. THE CAST IRON IMPELLER IS DIFFERENT FROM M-1005. THE HOUSING TOP ALLUMINIUM GASKET IS SAME.,U5MW0208 / U5MW0204 / U5MW0207 / 4131A113,Automotive Water Pump Assemblies,Tractors,https://mekoautoindia.com/product/m-1005-a,https://mekoautoindia.com/image/catalog/product_images/M-1005A.2.png,M-1005_A.png,,,0
READY,M-1006 A,PERKINS-MF 241/245 ( EXPORT MODEL )TRACTOR ( WITH SMALLER PULLEY HUB ) ( FAN HUB THREAD SIZE 5/16 * 24 UNF & HOUSING BOLTS SIZE 5/16 * 18 UNC ) ( PULLEY GROOVE OD : 109 MM ) ( HUB DIA : 62.80 MM ) ( FAN MTG. DIA : 26.80 MM ),41312487 / 41312154 / 3641823M91,Automotive Water Pump Assemblies,Tractors,https://mekoautoindia.com/product/m-1006-a,https://mekoautoindia.com/image/catalog/product_images/M-1006A.2.png,M-1006_A.png,,,0
READY,M-1006 B,PERKINS-MF 241/245 TRACTOR (EXPORT MODEL) (WITHOUT PULLEY & WITHOUT NUT / BOLTS),U5MW0097 / U5MW002341312784 / 747542M9181718104 / 957E8501B / 1413134023639509M1 / 4222506M91U5MW0057 / U5MW0096 / S.65014EM5408 / BEPCO 24/130-75E,Automotive Water Pump Assemblies,Tractors,https://mekoautoindia.com/product/m-1006-b,https://mekoautoindia.com/image/catalog/product_images/M-1006B.2.png,M-1006_B.png,,,0
READY,M-1006 C,PERKINS ENG. PUMP TRACTOR (EXPORT MODEL) (MF 241 / 245 PULLEY WITH A DIFFERENT HOUSING) (FAN MTG. DIA : 41 MM),,Automotive Water Pump Assemblies,Tractors,https://mekoautoindia.com/product/m-1006-c,https://mekoautoindia.com/image/catalog/product_images/M-1006%20C.3.png,M-1006_C.png,,,0
READY,M-1007,PERKINS-MF 241/245 TRACTOR (EXPORT MODEL) (WITH A DIFFERENT BIGGER PULLEY) (PULLEY GROOVE OD : 129 MM) (FAN MTG. DIA : 41 MM),4131 2784,Automotive Water Pump Assemblies,Tractors,https://mekoautoindia.com/product/m-1007,https://mekoautoindia.com/image/catalog/product_images/M-1007.2.png,M-1007.png,,,0
READY,M-1008,IMT 539 / 540 / 542 MF 1040 TRACTOR FORKLIFT PERKINS ENG. 1383603 U5MW0088 (EXPORT MODEL) (PULLEY GROOVE OD : 118 MM) (FAN MTG. DIA : 41 MM),U5MW0088 / 3639511M13641790M91 / 3641376M91U5MW0088 / 41312574 / 1413125743639511M1 / 3637372M91U5MW0061 / U5MW0055 / 41312167,Automotive Water Pump Assemblies,Tractors,https://mekoautoindia.com/product/m-1008,https://mekoautoindia.com/image/catalog/product_images/M-1008.2.png,M-1008.png,,,0
READY,M-1008 W,PERKINS-MF 1040 TRACTOR (EXPORT MODEL) (WITHOUT PULLEY) U5MW0088,U5MW0088 3639511M1 3641790M91 3641376M91,Automotive Water Pump Assemblies,Tractors,https://mekoautoindia.com/product/m-1008-w,https://mekoautoindia.com/image/catalog/product_images/M-1008%20W.png,M-1008_W.png,,,0
READY,M-1008 B,PERKINS-MF 1040 TRACTOR (EXPORT MODEL) U5MW0089 (PULLEY GROOVE OD : 108 MM) (FAN MTG. DIA : 41 MM),3637372M91 / U5MW0089,Automotive Water Pump Assemblies,Tractors,https://mekoautoindia.com/product/m-1008-b,https://mekoautoindia.com/image/catalog/product_images/M-1008B.2.png,M-1008_B.png,,,0
READY,M-1008 BW,PERKINS-MF 1040 TRACTOR (WITHOUT PULLEY) (EXPORT MODEL),3637372M91,Automotive Water Pump Assemblies,Tractors,https://mekoautoindia.com/product/m-1008-bw,https://mekoautoindia.com/image/catalog/product_images/M-1008%20BW.1.png,M-1008_BW.png,,,0
READY,M-1008 C,PERKINS-MF 1040 A BELT (13 MM) (EXPORT MODEL) (PULLEY GROOVE OD : 108 MM) (FAN MTG. DIA : 41 MM),U5MW0061 U5MW0055 / 41312167,Automotive Water Pump Assemblies,Tractors,https://mekoautoindia.com/product/m-1008-c,https://mekoautoindia.com/image/catalog/product_images/M-1008%20CN.png,M-1008_C.png,,,0
READY,M-1008 CB,PERKINS-MF 1040 TRACTOR B BELT (16 MM) (EXPORT MODEL) (PULLEY GROOVE OD : 118 MM) (FAN MTG. DIA : 41 MM),U5MW0061 U5MW0055 / 41312167,Automotive Water Pump Assemblies,Tractors,https://mekoautoindia.com/product/m-1008-cb,https://mekoautoindia.com/image/catalog/product_images/M-1008%20CB.png,M-1008_CB.png,,,0
READY,M-1008 CW,PERKINS-MF 1040 TRACTOR (WITHOUT PULLEY) (EXPORT MODEL),U5MW0061 U5MW0055 / 41312167,Automotive Water Pump Assemblies,Tractors,https://mekoautoindia.com/product/m-1008-cw,https://mekoautoindia.com/image/catalog/product_images/M-1008%20CW.png,M-1008_CW.png,,,0
READY,M-1008 D / M-807,IMT 533 / IMT 537 TRACTOR MF PERKINS AD3.152 P3 ENG. (WITH PULLEY) (EXPORT MODEL) (PULLEY GROOVE OD : 114.5 MM) (FAN MTG. DIA : 41 MM),41312518 / 03406100,Automotive Water Pump Assemblies,Tractors,https://mekoautoindia.com/product/m-1008-d-m-807,https://mekoautoindia.com/image/catalog/product_images/M-1008D.2.png,M-1008_D_M-807.png,,,0
READY,M-1008 E,PERKINS / MOTORE TIPO 3.144 - 3.152 FORD NEW HOLLAND DEXTA SUPER DEXTA TRACTOR (EXPORT MODEL) (PULLEY GROOVE OD : 109 MM) (FAN MTG. DIA : 41 MM),957E8501B / 81718104,Automotive Water Pump Assemblies,Tractors,https://mekoautoindia.com/product/m-1008-e,https://mekoautoindia.com/image/catalog/product_images/M-1008E.2.png,M-1008_E.png,,,0
READY,M-1009,PERKINS ENGINE 6-354T TRACTOR,U5MW0111 / 41312557 / 41313018 / 41313045,Automotive Water Pump Assemblies,Tractors,https://mekoautoindia.com/product/m-1009,https://mekoautoindia.com/image/catalog/product_images/M-1009.2.png,M-1009.png,,,0
READY,M-1010,PERKINS 6.354.4 ENG. TRACTOR MF PERKINS 2106-6202,U5MW0129 / 3641314M913641886M91 / U5MW0129 / 02/10210002/102105 / 02/102138 / 332/H089202/100226 / 02/101701 / 4131301041313025 / 41313033 / 4131304741313049 / 41313059 / 4131306241313065 / 7W-4557 / 3637466M913640277M1,Automotive Water Pump Assemblies,Tractors,https://mekoautoindia.com/product/m-1010,https://mekoautoindia.com/image/catalog/product_images/M-1010.2.png,M-1010.png,,,0
READY,M-865,"SWARAJ 855 XM L / M FLANGE TYPE HEAVY DUTY TRACTOR (PULLEY WITH 4 HOLES, P.C.D.: 55 MM; FAN MTG. DIA : 40 MM)",P713040 A,Automotive Water Pump Assemblies,Tractors,https://mekoautoindia.com/product/m-865,https://mekoautoindia.com/image/catalog/product_images/M-865.2.png,M-865.png,,,0
READY,M-865 A,"SWARAJ 855 XM L / M FLANGE TYPE HEAVY DUTY TRACTOR (PULLEY WITH 4 HOLES, P.C.D.: 51 MM; FAN MTG. DIA : 34 MM)",P713040 A,Automotive Water Pump Assemblies,Tractors,https://mekoautoindia.com/product/m-865-a,https://mekoautoindia.com/image/catalog/product_images/M-865A.2.png,M-865_A.png,,,0
READY,M-819,SWARAJ 939 / ACE TRACTOR N/M / PREET BIG STY 28283 TRACTOR (FAN MTG. DIA : 40 MM),P070350,Automotive Water Pump Assemblies,Tractors,https://mekoautoindia.com/product/m-819,https://mekoautoindia.com/image/catalog/product_images/M-819.2.png,M-819.png,,,0
READY,M-832 B,"SONALIKA INT. DI N/M 3035 INDOFARM TRACTOR (DOUBLE MOUTH TYPE; PULLEY DIA: 110 MM, FAN MTG. DIA: 40 MM, PUMP T.HT.: 162 MM)",P0106017,Automotive Water Pump Assemblies,Tractors,https://mekoautoindia.com/product/m-832-b,https://mekoautoindia.com/image/catalog/product_images/M-832%20B.png,M-832_B.png,,,0
READY,M-832 C,"SONALIKA INT. DI N/M 3035 INDOFARM TRACTOR (DOUBLE MOUTH TYPE; PULLEY DIA: 97 MM, FAN DIA: 34 MM, PUMP T.HT.: 150 MM)",(Not Listed),Automotive Water Pump Assemblies,Tractors,https://mekoautoindia.com/product/m-832-c,https://mekoautoindia.com/image/catalog/product_images/M-832C.2.png,M-832_C.png,,,0
READY,M-832 D,"SONALIKA INT. DI N/M 3035 INDOFARM TRACTOR (DOUBLE MOUTH TYPE; PULLEY DIA: 97 MM, FAN DIA: 34 MM, PUMP T.HT.: 162 MM)",P213040 A,Automotive Water Pump Assemblies,Tractors,https://mekoautoindia.com/product/m-832-d,https://mekoautoindia.com/image/catalog/product_images/M-832D.2.png,M-832_D.png,,,0
READY,M-858,"SONALIKA N/M (ITL MODEL) TRACTOR (DOUBLE MOUTH TYPE WITH PULLEY DIA: 132 MM, FAN DIA: 40 MM, PUMP T.HT.: 166 MM)",EP 406803,Automotive Water Pump Assemblies,Tractors,https://mekoautoindia.com/product/m-858,https://mekoautoindia.com/image/catalog/product_images/M-858.2.png,M-858.png,,,0
READY,M-858 C,"SONALIKA N/M (ITL MODEL) TRACTOR (DOUBLE MOUTH TYPE; SMALLER PULLEY DIA: 120 MM, FAN DIA: 40 MM, PUMP T.HT.: 166 MM)",,Automotive Water Pump Assemblies,Tractors,https://mekoautoindia.com/product/m-858-c,https://mekoautoindia.com/image/catalog/product_images/M-858%20C.1.png,M-858_C.png,,,0
READY,M-842,"SONALIKA TURBO POWER STEERING / PREET TRACTOR (DOUBLE MOUTH + DUAL OUTLET HORIZONTAL AND VERTICAL TYPE; PULLEY DIA: 97 MM, FAN DIA: 34 MM, PUMP T.HT.: 150 MM)",803406021 DE,Automotive Water Pump Assemblies,Tractors,https://mekoautoindia.com/product/m-842,https://mekoautoindia.com/image/catalog/product_images/M-842New.png,M-842.png,,,0
READY,M-842 A,"SONALIKA SIKANDER EP406319 (SMALL PULLEY) TRACTOR; DOUBLE MOUTH 4 RIBS TYPE; PULLEY DIA: 110 MM, FAN DIA: 40 MM, PUMP T.HT.: 144 MM)",EP406319,Automotive Water Pump Assemblies,Tractors,https://mekoautoindia.com/product/m-842-a,https://mekoautoindia.com/image/catalog/product_images/M-842A.2.png,M-842_A.png,,,0
READY,M-842 B,"SONALIKA SIKANDER EP406419 TRACTOR (BIG PULLEY; DOUBLE MOUTH 4 RIBS TYPE; PULLEY DIA: 132 MM, FAN DIA: 40 MM, PUMP T.HT.: 144 MM)",EP406419,Automotive Water Pump Assemblies,Tractors,https://mekoautoindia.com/product/m-842-b,https://mekoautoindia.com/image/catalog/product_images/M-842B.4.png,M-842_B.png,,,0
READY,M-842 C,"SONALIKA SIKANDER TURBO TRACTOR POWER STEERING (DOUBLE MOUTH 4 RIBS TWIN OUTLET-HORIZONTAL TYPE; PULLEY DIA: 110 MM, FAN DIA: 40 MM, PUMP T.HT.: 144 MM)",,Automotive Water Pump Assemblies,Tractors,https://mekoautoindia.com/product/m-842-c,https://mekoautoindia.com/image/catalog/product_images/M-842%20C.2.png,M-842_C.png,,,0
READY,M-871,"INDOFARM / SONALIKA TURBO POWER TRACTOR STEERING (DOUBLE MOUTH TWIN OUTLET-HORIZONTAL TYPE; OUTLET 1 THREAD: M16×1.5, OUTLET 2 THREAD: M14×1.5; PULLEY DIA: 97 MM, FAN DIA: 40 MM, PUMP T.HT.: 162.5 MM)",803406024 E,Automotive Water Pump Assemblies,Tractors,https://mekoautoindia.com/product/m-871,https://mekoautoindia.com/image/catalog/product_images/M-871.2.png,M-871.png,,,0
READY,M-871 (X),"INDOFARM / SONALIKA TURBO TRACTOR POWER STEERING (DOUBLE MOUTH TWIN OUTLET-HORIZONTAL TYPE; BOTH OUTLETS THREAD: M16×1.5; PULLEY DIA: 97 MM, FAN DIA: 40 MM, PUMP T.HT.: 162.5 MM)",,Automotive Water Pump Assemblies,Tractors,https://mekoautoindia.com/product/m-871-x,https://mekoautoindia.com/image/catalog/product_images/M-871.2.png,M-871_X_.png,,,0
READY,M-871 A,"INDOFARM / SONALIKA TURBO POWER TRACTOR STEERING (DOUBLE MOUTH TWIN OUTLET-HORIZONTAL TYPE; OUTLET 1 THREAD: M16×1.5, OUTLET 2 THREAD: M14×1.5; PULLEY GROOVE OD: 97 MM, FAN MTG. DIA: 34 MM, PUMP T.HT.: 162.5 MM)",P0106007,Automotive Water Pump Assemblies,Tractors,https://mekoautoindia.com/product/m-871-a,https://mekoautoindia.com/image/catalog/product_images/M-871AN.png,M-871_A.png,,,0
READY,M-871 A(X),"INDOFARM / SONALIKA TURBO POWER STEERING (DOUBLE MOUTH TRACTOR TWIN OUTLET-HORIZONTAL TYPE; BOTH OUTLETS THREAD: M16×1.5; PULLEY GROOVE OD: 97 MM, FAN MTG. DIA: 34 MM, PUMP T.HT.: 162.5 MM)",,Automotive Water Pump Assemblies,Tractors,https://mekoautoindia.com/product/m-871-ax,https://mekoautoindia.com/image/catalog/product_images/M-871.2.png,M-871_A_X_.png,,,0
READY,M-871 D,"INDOFARM / SONALIKA TURBO POWER STEERING (DOUBLE MOUTH TRACTOR TWIN OUTLET-HORIZONTAL TYPE; OUTLET 1 THREAD: M16×1.5, OUTLET 2 THREAD: M14×1.5; PULLEY DIA: 110 MM, FAN DIA: 40 MM, PUMP T.HT.: 162.5 MM)",,Automotive Water Pump Assemblies,Tractors,https://mekoautoindia.com/product/m-871-d,https://mekoautoindia.com/image/catalog/product_images/M-871D.2.png,M-871_D.png,,,0
READY,M-871 D(X),"INDOFARM / SONALIKA TURBO POWER STEERING TRACTOR (DOUBLE MOUTH TWIN OUTLET-HORIZONTAL TYPE; BOTH OUTLETS THREAD: M16×1.5; PULLEY DIA: 110 MM, FAN DIA: 40 MM, PUMP T.HT.: 162.5 MM)",,Automotive Water Pump Assemblies,Tractors,https://mekoautoindia.com/product/m-871-dx,https://mekoautoindia.com/image/catalog/product_images/M-871.2.png,M-871_D_X_.png,,,0
READY,M-872,"INDOFARM TRACTOR LOADER / SONALIKA TURBO POWER STEERING STY 2832B (DOUBLE MOUTH DUAL OUTLET-HORIZONTAL AND VERTICAL TYPE; PULLEY DIA: 110 MM, FAN DIA: 40 MM, PUMP T.HT.: 162.5 MM)",60016030 AA,Automotive Water Pump Assemblies,Tractors,https://mekoautoindia.com/product/m-872,https://mekoautoindia.com/image/catalog/product_images/M-872.2.png,M-872.png,,,0
READY,M-872 A,"INDOFARM TRACTOR LOADER / SONALIKA TURBO POWER STEERING STY 2832B (DOUBLE MOUTH DUAL OUTLET-HORIZONTAL AND VERTICAL TYPE; PULLEY DIA: 97 MM, FAN DIA: 40 MM, PUMP T.HT.: 162.5 MM)",,Automotive Water Pump Assemblies,Tractors,https://mekoautoindia.com/product/m-872-a,https://mekoautoindia.com/image/catalog/product_images/M-872%20A.1.png,M-872_A.png,,,0
READY,M-872 B,"INDOFARM TRACTOR LOADER / SONALIKA TURBO POWER STEERING STY 2832B (DOUBLE MOUTH DUAL OUTLET-HORIZONTAL AND VERTICAL TYPE; PULLEY DIA: 97 MM, FAN DIA: 34 MM, PUMP T.HT.: 162.5 MM)",,Automotive Water Pump Assemblies,Tractors,https://mekoautoindia.com/product/m-872-b,https://mekoautoindia.com/image/catalog/product_images/M-872B.2.png,M-872_B.png,,,0
READY,M-827,"SONALIKA O/M HG-453 MODEL TRACTOR (PULLEY DIA: 132 MM, PUMP T.HT.: 166 MM)",49010651,Automotive Water Pump Assemblies,Tractors,https://mekoautoindia.com/product/m-827,https://mekoautoindia.com/image/catalog/product_images/M-827.png,M-827.png,,,0
READY,M-828,"SONALIKA O/M STANDARD COMBINE TRACTOR (PULLEY DIA: 136 MM, FAN DIA: 40 MM, PUMP T.HT.: 156.5 MM)",EP 406100,Automotive Water Pump Assemblies,Tractors,https://mekoautoindia.com/product/m-828,https://mekoautoindia.com/image/catalog/product_images/M-828.2.png,M-828.png,,,0
READY,M-846 A,SONALIKA MINI TRACTOR / SWARAJ 717 (WITH MOUNTING PLATE) (FAN MTG. DIA : 24 MM),49010651,Automotive Water Pump Assemblies,Tractors,https://mekoautoindia.com/product/m-846-a,https://mekoautoindia.com/image/catalog/product_images/M-846A.2.png,M-846_A.png,,,0
READY,M-1036,ZETOR 2011 DOUBLE MOUTH TYPE TRACTOR (WITHOUT SHEET METAL PULLEY) (FAN MTG. DIA : 40 MM),2806000090 2806000190,Automotive Water Pump Assemblies,Tractors,https://mekoautoindia.com/product/m-1036,https://mekoautoindia.com/image/catalog/product_images/M-1036.4.png,M-1036.png,,,0
READY,M-1036 A,ZETOR 2011 DOUBLE MOUTH TYPE TRACTOR (WITH SHEET METAL PULLEY),2806000090 / 2806000190,Automotive Water Pump Assemblies,Tractors,https://mekoautoindia.com/product/m-1036-a,https://mekoautoindia.com/image/catalog/product_images/M-1036%20A.2.png,M-1036_A.png,,,0
READY,M-1037,ZETOR Z PIASTA / URSUS C-360 (DOUBLE MOUTH-ONE OUTLET BENT TYPE) (WITHOUT HUB) (WITH OR WITHOUT GREASE NIPPLE AS PER CUSTOMER REQUIREMENT),46506150,Automotive Water Pump Assemblies,Tractors,https://mekoautoindia.com/product/m-1037,https://mekoautoindia.com/image/catalog/product_images/M-1037N.png,M-1037.png,,,0
READY,M-1037 A,ZETOR Z PIASTA / URSUS C-360 TRACTOR (DOUBLE MOUTH ONE OUTLET-BENT TYPE) (WITH HUB) (WITH OR WITHOUT GREASE NIPPLE AS PER CUSTOMER REQUIREMENT),46506150SM,Automotive Water Pump Assemblies,Tractors,https://mekoautoindia.com/product/m-1037-a,https://mekoautoindia.com/image/catalog/product_images/M-1037A.1.png,M-1037_A.png,,,0
READY,M-1038,URSUS C-330 ESCORT TRACTOR (WATER PUMP WITHOUT HUB),URSUS ESCORT 330 / 335 / 345 / 355 / 440 / 450 / 42083070,Automotive Water Pump Assemblies,Tractors,https://mekoautoindia.com/product/m-1038,https://mekoautoindia.com/image/catalog/product_images/M-1038.2.png,M-1038.png,,,0
READY,M-1038 A,URSUS C-330 ESCORT WATER PUMP TRACTOR (WITH HUB) (FAN MTG. DIA : 40 MM),42083070 / 42093070,Automotive Water Pump Assemblies,Tractors,https://mekoautoindia.com/product/m-1038-a,https://mekoautoindia.com/image/catalog/product_images/M-1038A.2.png,M-1038_A.png,,,0
READY,M-1039,ZETOR 2011 / 2511 (DOUBLE TRACTOR MOUTH PUMP-HORIZONTAL OUTLET THREADED M22×1.5 FOR PLUG) JOHN DEERE 2000 / 2100 / 2200 / 2300 (FAN MTG. DIA : 40 MM),10620106151 / 62010615 / 70010695 / 40010021 / 49010651,Automotive Water Pump Assemblies,Tractors,https://mekoautoindia.com/product/m-1039,https://mekoautoindia.com/image/catalog/product_images/M-1039.2.png,M-1039.png,,,0
READY,M-1039 A,ZETOR 2011 / 2511 TRACTOR (DOUBLE MOUTH PUMP WITH HORIZONTAL OUTLET THREADED M22×1.5 FOR PLUG) (WITH SHEET METAL PULLEY),10620106151 / 62010615 / 70010695 / 40010021,Automotive Water Pump Assemblies,Tractors,https://mekoautoindia.com/product/m-1039-a,https://mekoautoindia.com/image/catalog/product_images/M-1039A.2.png,M-1039_A.png,,,0
READY,M-1040,ZETOR 2011 / 2511 TRACTOR (SINGLE MOUTH PUMP WITH HORIZONTAL OUTLET THREADED M22×1.5 FOR PLUG) (FAN MTG. DIA : 40 MM),1069010651,Automotive Water Pump Assemblies,Tractors,https://mekoautoindia.com/product/m-1040,https://mekoautoindia.com/image/catalog/product_images/M-1040.2.png,M-1040.png,,,0
READY,M-1040 W,ZETOR 2011 / 2511 TRACTOR (SINGLE MOUTH PUMP WITH HORIZONTAL OUTLET CLOSED) (FAN MTG. DIA: 40 MM),1069010651,Automotive Water Pump Assemblies,Tractors,https://mekoautoindia.com/product/m-1040-w,https://mekoautoindia.com/image/catalog/product_images/M-1040W.2.png,M-1040_W.png,,,0
READY,M-1040 A,ZETOR 2011 / 2511 TRACTOR (SINGLE MOUTH PUMP WITH HORIZONTAL OUTLET THREADED M22脳1.5 FOR PLUG) (WITH SHEET METAL PULLEY; FAN MTG. DIA: 40 MM),55010697 / 57486711 / 69010651 / 1069010651,Automotive Water Pump Assemblies,Tractors,https://mekoautoindia.com/product/m-1040-a,https://mekoautoindia.com/image/catalog/product_images/M-1040A.2.png,M-1040_A.png,,,0
READY,M-1040 AW,ZETOR 2011 / 2511 TRACTOR (SINGLE MOUTH PUMP WITH HORIZONTAL OUTLET CLOSED) (WITH SHEET METAL PULLEY; FAN MTG. DIA: 40 MM),55010697 / 69010651 / 1069010651,Automotive Water Pump Assemblies,Tractors,https://mekoautoindia.com/product/m-1040-aw,https://mekoautoindia.com/image/catalog/product_images/M-1040AW.2.png,M-1040_AW.png,,,0
READY,M-1041,ZETOR 8111 / URSUS 912 TRACTOR (LONGER SHAFT-DUAL GROOVE PULLEY TYPE; FAN MTG. DIA: 40 MM),87017500 / 87017529 / 89017500 / 89017969 / 89017999 / 84017529,Automotive Water Pump Assemblies,Tractors,https://mekoautoindia.com/product/m-1041,https://mekoautoindia.com/image/catalog/product_images/M-1041.2.png,M-1041.png,,,0
READY,M-1041 A,ZETOR 8111 / URSUS 912 TRACTOR (LONGER SHAFT-SINGLE GROOVE PULLEY TYPE; FAN MTG. DIA: 40 MM),87017539 / 87017529 89017500 / 89017969 89017999 / 84017529,Automotive Water Pump Assemblies,Tractors,https://mekoautoindia.com/product/m-1041-a,https://mekoautoindia.com/image/catalog/product_images/M-1041%20A.png,M-1041_A.png,,,0
READY,M-1042,ZETOR 8111 / URSUS 912 TRACTOR (SHORTER SHAFT-DUAL GROOVE PULLEY TYPE; FAN MTG. DIA: 40 MM),8145 / 9145 / 10145 / 8211 9211 / 10211 / 8245 / 9245 10245 : URSUS 912 / 914 1012 / 1014,Automotive Water Pump Assemblies,Tractors,https://mekoautoindia.com/product/m-1042,https://mekoautoindia.com/image/catalog/product_images/M-1042.1.png,M-1042.png,,,0
READY,M-1042 A,ZETOR 8111 / URSUS 912 TRACTOR (SHORTER SHAFT-SINGLE GROOVE PULLEY TYPE; FAN MTG. DIA: 40 MM),84017539 ZETOR 8111 / 9111 10111 / 8145 / 9145 / 10145 8211 / 9211 / 10211 / 8245 9245 / 10245 : URSUS 912 914 1012 / 1014,Automotive Water Pump Assemblies,Tractors,https://mekoautoindia.com/product/m-1042-a,https://mekoautoindia.com/image/catalog/product_images/M-1042A.1.png,M-1042_A.png,,,0
READY,M-1043,ZETOR 12011 / 12045 / 16045 TRACTOR (FAN MTG. DIA: 40 MM),86017999 / 8601700P,Automotive Water Pump Assemblies,Tractors,https://mekoautoindia.com/product/m-1043,https://mekoautoindia.com/image/catalog/product_images/M-1043.1.png,M-1043.png,,,0
READY,M-813,ESCORT C-335 / 328 TRACTOR (WITH SHEET METAL PULLEY ON STEEL HUB),,Automotive Water Pump Assemblies,Tractors,https://mekoautoindia.com/product/m-813,https://mekoautoindia.com/image/catalog/product_images/M-813.png,M-813.png,,,0
READY,M-874,POWER TRAC STEELTRAC 15 MINI TRACTOR / DK CHAMPION MINI TRACTOR / VAIBHAV MINI TRACTOR (WITH HUB; FAN MTG. DIA : 50.5 MM),21058001 / 60001859,Automotive Water Pump Assemblies,Tractors,https://mekoautoindia.com/product/m-874,https://mekoautoindia.com/image/catalog/product_images/M-874.2.png,M-874.png,,,0
READY,M-874 A,POWER TRAC STEELTRAC 15 MINI TRACTOR / DK CHAMPION MINI TRACTOR / VAIBHAV MINI TRACTOR (WITH CI PULLEY; PULLEY GROOVE OD : 106 MM),600-018-71,Automotive Water Pump Assemblies,Tractors,https://mekoautoindia.com/product/m-874-a,https://mekoautoindia.com/image/catalog/product_images/M-874A.2.png,M-874_A.png,,,0
READY,M-874 B,POWER TRAC STEELTRAC 15 MINI TRACTOR / DK CHAMPION MINI TRACTOR / VAIBHAV MINI TRACTOR (WITH HUB AND BASE PLATE; FAN MTG. DIA : 50.5 MM),600-018-71,Automotive Water Pump Assemblies,Tractors,https://mekoautoindia.com/product/m-874-b,https://mekoautoindia.com/image/catalog/product_images/M-874%20B.png,M-874_B.png,,,0
READY,M-835,FORD NEW HOLLAND 3230 TRACTOR (FAN MTG. DIA: 41 MM),D3NN-8501A / 92NH / 83NH-8501AA,Automotive Water Pump Assemblies,Tractors,https://mekoautoindia.com/product/m-835,https://mekoautoindia.com/image/catalog/product_images/M-835.2.png,M-835.png,,,0
READY,M-835 A,FORD NEW HOLLAND 3230 (WITH DUAL GROOVE PULLEY; FAN MTG. DIA: 41 MM),,Automotive Water Pump Assemblies,Tractors,https://mekoautoindia.com/product/m-835-a,https://mekoautoindia.com/image/catalog/product_images/M-835%20A.png,M-835_A.png,,,0
READY,M-1051,FORD NEW HOLLAND TRACTOR 2600 / 3000 / 3600 / 3610 / 3910 (SINGLE GROOVE PULLEY TYPE; PULLEY DIA: 144 MM; IMPELLER DIA: 104 MM),87800115 / 83926002,Automotive Water Pump Assemblies,Tractors,https://mekoautoindia.com/product/m-1051,https://mekoautoindia.com/image/catalog/product_images/M-1051.2.png,M-1051.png,,,0
READY,M-1052,FORD NEW HOLLAND TRACTOR 4000 / 4600 / 4610 / 5000 / 5600 / 6600 (SINGLE GROOVE PULLEY TYPE; PULLEY DIA: 144.4 MM; IMPELLER DIA: 105.5 MM),81863830 / FAPN8A513AA,Automotive Water Pump Assemblies,Tractors,https://mekoautoindia.com/product/m-1052,https://mekoautoindia.com/image/catalog/product_images/M-1052.2.png,M-1052.png,,,0
READY,M-1053,FORD NEW HOLLAND TRACTOR 2310 / 2600 / 2610 / 2810 / 2910 / 3600 / 3610 (DOUBLE PULLEY WATER PUMP TYPE),83926001 / FAPN8A513DD,Automotive Water Pump Assemblies,Tractors,https://mekoautoindia.com/product/m-1053,https://mekoautoindia.com/image/catalog/product_images/M-1053.2.png,M-1053.png,,,0
READY,M-1053 A,FORD NEW HOLLAND 7910 / 8010 / 8210 / 8700 / 9200 / 9600 / 9000 TW 15 (SINGLE GROOVE PULLEY TYPE),81863921 / FAPN8A513LL,Automotive Water Pump Assemblies,Tractors,https://mekoautoindia.com/product/m-1053-a,https://mekoautoindia.com/image/catalog/product_images/M-1053A.2.png,M-1053_A.png,,,0
READY,M-1053 B,FORD GFAPN8A513HH TRACTOR (SPECIAL APPLICATIONS),GFAPN8A513HH,Automotive Water Pump Assemblies,Tractors,https://mekoautoindia.com/product/m-1053-b,https://mekoautoindia.com/image/catalog/product_images/M-1053B.2.png,M-1053_B.png,,,0
READY,M-1053 C,FORD GFAPN8A513AA TRACTOR SPECIAL APPLICATIONS),GFAPN8A513AA,Automotive Water Pump Assemblies,Tractors,https://mekoautoindia.com/product/m-1053-c,https://mekoautoindia.com/image/catalog/product_images/M-1053C.2.png,M-1053_C.png,,,0
READY,M-1054,FORDSON TRACTOR POWER MAJOR SUPER MAJOR (FAN MTG. DIA : 36 MM),81411996 / 81711728,Automotive Water Pump Assemblies,Tractors,https://mekoautoindia.com/product/m-1054,https://mekoautoindia.com/image/catalog/product_images/M-1054.2.png,M-1054.png,,,0
READY,M-1055,"FORDSON MAJOR, SUPER MAJOR MARK-I / MARK-II NEW HOLLAND 8100 TRACTOR (FAN MTG. DIA : 38 MM)",703 F 8501 AAC / 2700 E8501 2710E8501C 2701E8501AA 5004985,Automotive Water Pump Assemblies,Tractors,https://mekoautoindia.com/product/m-1055,https://mekoautoindia.com/image/catalog/product_images/M-1055.2.png,M-1055.png,,,0
READY,M-1013,NEW HOLLAND TRACTOR FORD GENESIS 4 CYLINDER (FOR APPLICATION 5640 / 6640 / TS90) (BIG PULLEY GROOVE OD : 147 MM; IMPELLER DIA : 94 MM),87800714 / 81869617 / 87840256 / 81484475 / F0NN8501DA / F0NN8501DB / F0NN8501DC,Automotive Water Pump Assemblies,Tractors,https://mekoautoindia.com/product/m-1013,https://mekoautoindia.com/image/catalog/product_images/M-1013.2.png,M-1013.png,,,0
READY,M-1013 A,NEW HOLLAND TRACTOR / FORD GENESIS 6 CYLINDER (FOR APPLICATION 7740 / TS100 / TD110 / 7840 / 8240 / 8340 / TS115) (SMALL PULLEY GROOVE OD : 140.5 MM; IMPELLER DIA : 114 MM),87800712 / F0NN8501CB / F0NN8501CC / 81865858 / 81865838 / 81865616 / 87801112,Automotive Water Pump Assemblies,Tractors,https://mekoautoindia.com/product/m-1013-a,https://mekoautoindia.com/image/catalog/product_images/M-1013A.2.png,M-1013_A.png,,,0
READY,M-655,"EICHER 231549599, 23552773 / VOLVO 360-7701 (BIG ALUMINIUM PUMP)",23552773 / 23552770 23154956 / 22951346,Automotive Water Pump Assemblies,,https://mekoautoindia.com/product/m-655,https://mekoautoindia.com/image/catalog/product_images/M-655.png,M-655.png,,,0
READY,M-542,TATA ULTRA 1518 T 5L N/HVAC BS 3 - BS 6 WITH 6 PK PULLEY (BIG ALUM PUMP),5709 2010 0102,Automotive Water Pump Assemblies,,https://mekoautoindia.com/product/m-542,https://mekoautoindia.com/image/catalog/product_images/M-542.png,M-542.png,,,0
READY,M-1030,CUMMINS 5719759 WATER PUMP CORE,5719759,Automotive Water Pump Assemblies,,https://mekoautoindia.com/product/m-1030,https://mekoautoindia.com/image/catalog/product_images/M-1030.2.png,M-1030.png,,,0
READY,M-1030 A,CUMMINS ISX QSX,3692580,Automotive Water Pump Assemblies,,https://mekoautoindia.com/product/m-1030-a,https://mekoautoindia.com/image/catalog/product_images/M-1030A.2.png,M-1030_A.png,,,0
READY,M-1030 B,CUMMINS WATER PUMP CORE,548706,Automotive Water Pump Assemblies,,https://mekoautoindia.com/product/m-1030-b,https://mekoautoindia.com/image/catalog/product_images/M-1030B.2.png,M-1030_B.png,,,0
READY,M-1033,CUMMINS ISX 12 WATER PUMP,2883151,Automotive Water Pump Assemblies,,https://mekoautoindia.com/product/m-1033,https://mekoautoindia.com/image/catalog/product_images/M-1033.2.png,M-1033.png,,,0
READY,M-608,LEYLAND IVECO 98415831,98415831,Automotive Water Pump Assemblies,,https://mekoautoindia.com/product/m-608,https://mekoautoindia.com/image/catalog/product_images/M-608.png,M-608.png,,,0
READY,M-669,Leyland Partner,5366579161,Automotive Water Pump Assemblies,,https://mekoautoindia.com/product/m-669,https://mekoautoindia.com/image/catalog/product_images/M-669.1.jpeg,M-669.jpeg,,,0
READY,M-656 A,MAHINDRA SCORPIO LOADKING (CAST IRON PUMP WITH 5 PK BELT PULLEY; SIDE OUTLET OPEN AND ONE LONG OUTLET TUBE IN HOUSING),0304EC0770N,Automotive Water Pump Assemblies,,https://mekoautoindia.com/product/m-656-a,https://mekoautoindia.com/image/catalog/product_images/M-656A.1.png,M-656_A.png,,,0
READY,M-672 D,MAHINDRA XUV 500 (WITHOUT PULLEY),0304EAM00240N,Automotive Water Pump Assemblies,,https://mekoautoindia.com/product/m-672-d,https://mekoautoindia.com/image/catalog/product_images/M-672%20D.png,M-672_D.png,,,0
READY,M-862,MAHINDRA (WITH BACK PIPE),(Not Listed),Automotive Water Pump Assemblies,,https://mekoautoindia.com/product/m-862,https://mekoautoindia.com/image/catalog/product_images/M-862.2.png,M-862.png,,,0
READY,M-859,MAHINDRA LATEST MODEL (WITH 4PK MULTI GROOVE PULLEY),,Automotive Water Pump Assemblies,,https://mekoautoindia.com/product/m-859,https://mekoautoindia.com/image/catalog/product_images/M-859New.png,M-859.png,,,0
READY,M-1006,"PERKINS-MASSEY FERGUSON TRACTOR 241/245 EXPORT MODEL (FAN HUB THREAD: 5/16"" x 24 UNF, HOUSING BOLTS: 5/16"" x 18 UNC, PULLEY OD: 109 MM, FAN MTG. DIA: 41 MM)",99S30478 / 41312159 / 41312784 / 41312487 / 41312495 / 3641338M1 / 02130111 / 02/130250 / 332/H0888 / 3641823M91 / 3641823M92 / 747542M91,Automotive Water Pump Assemblies,,https://mekoautoindia.com/product/m-1006,https://mekoautoindia.com/image/catalog/product_images/M-1006.2.png,M-1006.png,,,0
READY,M-630 B,Tata Motors Intra Ace CNG,,Automotive Water Pump Assemblies,,https://mekoautoindia.com/product/M-630B,https://mekoautoindia.com/image/catalog/product_images/M-630%20B.2.png,M-630_B.png,,,0
READY,M-1501/M-1851,692 ENGINE TATA 1210 WITH MEKO DESIGN PLASTIC IMPELLER AND W.P. UNITIZED SEAL M-702 U,,Automotive Water Pump Kits & Spares,Water Pumps Repair kits without Bearing,https://mekoautoindia.com/pumpkits,,,,,0
READY,M-1505/M-1855,697 ENGINE TATA 1312 WITH CAST IRON IMPELLER WITH CERAMIC & W.P. SEAL M-704 H,,Automotive Water Pump Kits & Spares,Water Pumps Repair kits without Bearing,https://mekoautoindia.com/pumpkits,,,,,0
READY,M-1505A/M-1855A,697 ENGINE TATA 1312 WITH MEKO DESIGN PLASTIC IMPELLER WITH CERAMIC & W.P. SEAL M-704 H,,Automotive Water Pump Kits & Spares,Water Pumps Repair kits without Bearing,https://mekoautoindia.com/pumpkits,,,,,0
READY,M-1505B/M-1855B,697 ENGINE TATA 1312 WITH MEKO DESIGN PLASTIC IMPELLER & W.P. UNITIZED SEAL M-714 U,,Automotive Water Pump Kits & Spares,Water Pumps Repair kits without Bearing,https://mekoautoindia.com/pumpkits,,,,,0
READY,M-1514/M-1854,697 ENGINE TATA EURO-II WITH ORIGINAL TYPE PLASTIC IMPELLER & W.P. UNITIZED SEAL M-714 U,,Automotive Water Pump Kits & Spares,Water Pumps Repair kits without Bearing,https://mekoautoindia.com/pumpkits,,,,,0
READY,M-1517/M-1857,697 ENGINE TATA EURO-III WITH MEKO DESIGN PLASTIC IMPELLER & W.P. UNITIZED SEAL M-714 U,,Automotive Water Pump Kits & Spares,Water Pumps Repair kits without Bearing,https://mekoautoindia.com/pumpkits,,,,,0
READY,M-1520/M-1870,697 ENGINE TURBO TATA EURO-IV,,Automotive Water Pump Kits & Spares,Water Pumps Repair kits without Bearing,https://mekoautoindia.com/pumpkits,,,,,0
READY,M-1534/M-1845A/M-1845B,CUMMINS ENGINE 4923 BS-III TC N/M / 2528 PRIMA ( TC LATEST MODEL ),,Automotive Water Pump Kits & Spares,Water Pumps Repair kits without Bearing,https://mekoautoindia.com/pumpkits,,,,,0
READY,M-1535/M-1845,CUMMINS ENGINE LPT 2516 BS-II TC TURBO,,Automotive Water Pump Kits & Spares,Water Pumps Repair kits without Bearing,https://mekoautoindia.com/pumpkits,,,,,0
READY,M-1665,TATA 410 EURO – II WITHOUT SHAFT BEARING,,Automotive Water Pump Kits & Spares,Water Pumps Repair kits without Bearing,https://mekoautoindia.com/pumpkits,,,,,0
REVIEW,MM-1650/M-1664,TATA 407 NEW MODEL WITHOUT SHAFT BEARING,,Automotive Water Pump Kits & Spares,Water Pumps Repair kits without Bearing,https://mekoautoindia.com/pumpkits,,,,,0
READY,M-1603,TATA 407 WITH MEKO DESIGN PLASTIC IMPELLER AND W.P. UNITIZED SEAL M-702 U,,Automotive Water Pump Kits & Spares,Water Pumps Repair kits without Bearing,https://mekoautoindia.com/pumpkits,,,,,0
READY,M-1508,HINO 6D,,Automotive Water Pump Kits & Spares,Water Pumps Repair kits without Bearing,https://mekoautoindia.com/pumpkits,,,,,0
READY,M-1532,HINO EURO-II,,Automotive Water Pump Kits & Spares,Water Pumps Repair kits without Bearing,https://mekoautoindia.com/pumpkits,,,,,0
READY,M-1533,HINO EURO-III,,Automotive Water Pump Kits & Spares,Water Pumps Repair kits without Bearing,https://mekoautoindia.com/pumpkits,,,,,0
READY,M-1538,HINO EURO–IV,,Automotive Water Pump Kits & Spares,Water Pumps Repair kits without Bearing,https://mekoautoindia.com/pumpkits,,,,,0
READY,M-1524/M-1608,IVECO CARGO,,Automotive Water Pump Kits & Spares,Water Pumps Repair kits without Bearing,https://mekoautoindia.com/pumpkits,,,,,0
READY,M-1519/M-1545,QHL / S-4 H/P WITH C.I IMPELLER AND W.P. UNITIZED SEAL M-702 U,,Automotive Water Pump Kits & Spares,Water Pumps Repair kits without Bearing,https://mekoautoindia.com/pumpkits,,,,,0
READY,M-1824/M-1826,L/L 3416 COMBINE HARVESTOR ENG. WITH BRASS IMPELLER,,Automotive Water Pump Kits & Spares,Water Pumps Repair kits without Bearing,https://mekoautoindia.com/pumpkits,,,,,0
READY,M-1824A/M-1826A,L/L 3416 COMBINE HARVESTOR ENG. WITH MEKO DESIGN PLASTIC IMPELLER,,Automotive Water Pump Kits & Spares,Water Pumps Repair kits without Bearing,https://mekoautoindia.com/pumpkits,,,,,0
READY,M-1822,L/L 400 COMBINE HARVESTOR ENG. WITH BRASS IMPELLER,,Automotive Water Pump Kits & Spares,Water Pumps Repair kits without Bearing,https://mekoautoindia.com/pumpkits,,,,,0
READY,M-1822A,L/L 400 COMBINE HARVESTOR ENG. WITH MEKO DESIGN PLASTIC IMPELLER,,Automotive Water Pump Kits & Spares,Water Pumps Repair kits without Bearing,https://mekoautoindia.com/pumpkits,,,,,0
READY,M-1821,L/L 370 COMBINE HARVESTOR ENG. WITH BRASS IMPELLER,,Automotive Water Pump Kits & Spares,Water Pumps Repair kits without Bearing,https://mekoautoindia.com/pumpkits,,,,,0
READY,M-1821A,L/L 370 COMBINE HARVESTOR ENG. WITH MEKO DESIGN PLASTIC IMPELLER,,Automotive Water Pump Kits & Spares,Water Pumps Repair kits without Bearing,https://mekoautoindia.com/pumpkits,,,,,0
READY,M-1836,L/L 680 D.G. GENSET ENG,,Automotive Water Pump Kits & Spares,Water Pumps Repair kits without Bearing,https://mekoautoindia.com/pumpkits,,,,,0
READY,M-1836A,L/L 680 D.G. GENSET ENG. WITH MEKO DESIGN PLASTIC IMPELLER,,Automotive Water Pump Kits & Spares,Water Pumps Repair kits without Bearing,https://mekoautoindia.com/pumpkits,,,,,0
READY,M-1838,L/L 690 D.G. GENSET ENG. WITH BRASS IMPELLER,,Automotive Water Pump Kits & Spares,Water Pumps Repair kits without Bearing,https://mekoautoindia.com/pumpkits,,,,,0
READY,M-1838A,L/L 690 D.G. GENSET ENG. WITH MEKO DESIGN PLASTIC IMPELLER,,Automotive Water Pump Kits & Spares,Water Pumps Repair kits without Bearing,https://mekoautoindia.com/pumpkits,,,,,0
READY,M-1554,JCB* 3DX,,Automotive Water Pump Kits & Spares,Water Pumps Repair kits without Bearing,https://mekoautoindia.com/pumpkits,,,,,0
READY,M-1801,P3 O/M WITH CAST IRON IMPELLER WITH CERAMIC & W.P. SEAL M-704 H,,Automotive Water Pump Kits & Spares,Water Pumps Repair kits without Bearing,https://mekoautoindia.com/pumpkits,,,,,0
READY,M-1801A,P3 O/M WITH MEKO DESIGN PLASTIC IMPELLER WITH CERAMIC & W.P. SEAL M-704 H,,Automotive Water Pump Kits & Spares,Water Pumps Repair kits without Bearing,https://mekoautoindia.com/pumpkits,,,,,0
READY,M-1801B,P3 O/M WITH MEKO DESIGN PLASTIC IMPELLER & W.P. UNITIZED SEAL M-702 U,,Automotive Water Pump Kits & Spares,Water Pumps Repair kits without Bearing,https://mekoautoindia.com/pumpkits,,,,,0
READY,M-1803,P3 DI WITH CAST IRON IMPELLER WITH CERAMIC & W.P. SEAL M-704 H,,Automotive Water Pump Kits & Spares,Water Pumps Repair kits without Bearing,https://mekoautoindia.com/pumpkits,,,,,0
READY,M-1803-A,P3 DI WITH MEKO DESIGN PLASTIC IMPELLER WITH CERAMIC & W.P. SEAL M-704 H,,Automotive Water Pump Kits & Spares,Water Pumps Repair kits without Bearing,https://mekoautoindia.com/pumpkits,,,,,0
READY,M-1803-B,P3 DI WITH MEKO DESIGN PLASTIC IMPELLER & W.P. UNITIZED SEAL M-702 U,,Automotive Water Pump Kits & Spares,Water Pumps Repair kits without Bearing,https://mekoautoindia.com/pumpkits,,,,,0
READY,M-1804/1805,M/F 135 – 145 WITH CAST IRON IMPELLER WITH CERAMIC & W.P. SEAL M-704 H,,Automotive Water Pump Kits & Spares,Water Pumps Repair kits without Bearing,https://mekoautoindia.com/pumpkits,,,,,0
READY,M-1804A/1805A,M/F 135 – 145 WITH MEKO DESIGN PLASTIC IMPELLER WITH CERAMIC & W.P. SEAL M-704 H,,Automotive Water Pump Kits & Spares,Water Pumps Repair kits without Bearing,https://mekoautoindia.com/pumpkits,,,,,0
READY,M-1804B/1805B,M/F 135 – 145 WITH MEKO DESIGN PLASTIC IMPELLER & W.P. UNITIZED SEAL M-702 U,,Automotive Water Pump Kits & Spares,Water Pumps Repair kits without Bearing,https://mekoautoindia.com/pumpkits,,,,,0
READY,M-1808/1809,J/D INTER O/M WITH CAST IRON IMPELLER WITH CERAMIC & W.P. SEAL M-704 H,,Automotive Water Pump Kits & Spares,Water Pumps Repair kits without Bearing,https://mekoautoindia.com/pumpkits,,,,,0
READY,M-1808A/1809A,J/D INTER O/M WITH MEKO DESIGN PLASTIC IMPELLER WITH CERAMIC & W.P. SEAL M-704 H,,Automotive Water Pump Kits & Spares,Water Pumps Repair kits without Bearing,https://mekoautoindia.com/pumpkits,,,,,0
READY,M-1808B/1809B,J/D INTER O/M WITH MEKO DESIGN PLASTIC IMPELLER & W.P. UNITIZED SEAL M-702 U,,Automotive Water Pump Kits & Spares,Water Pumps Repair kits without Bearing,https://mekoautoindia.com/pumpkits,,,,,0
READY,M-1810,INTER DI WITH CAST IRON IMPELLER WITH CERAMIC & W.P. SEAL M-704 H,,Automotive Water Pump Kits & Spares,Water Pumps Repair kits without Bearing,https://mekoautoindia.com/pumpkits,,,,,0
READY,M-1810A,INTER DI WITH MEKO DESIGN PLASTIC IMPELLER WITH CERAMIC & W.P. SEAL M-704 H,,Automotive Water Pump Kits & Spares,Water Pumps Repair kits without Bearing,https://mekoautoindia.com/pumpkits,,,,,0
READY,M-1810B,INTER DI WITH MEKO DESIGN PLASTIC IMPELLER & W.P. UNITIZED SEAL M-702 U,,Automotive Water Pump Kits & Spares,Water Pumps Repair kits without Bearing,https://mekoautoindia.com/pumpkits,,,,,0
READY,M-1814,SARPANCH WITH MEKO DESIGN PLASTIC IMPELLER & W.P. UNITIZED SEAL M-702 U,,Automotive Water Pump Kits & Spares,Water Pumps Repair kits without Bearing,https://mekoautoindia.com/pumpkits,,,,,0
READY,M-1837/1839,M&M ARJUN ULTRA WITH MEKO DESIGN PLASTIC IMPELLER & W.P. UNITIZED SEAL M-702 U,,Automotive Water Pump Kits & Spares,Water Pumps Repair kits without Bearing,https://mekoautoindia.com/pumpkits,,,,,0
READY,M-1811/1817,SWARAJ 735-724 WITH MEKO DESIGN PLASTIC IMPELLER & W.P. UNITIZED SEAL M-702 U,,Automotive Water Pump Kits & Spares,Water Pumps Repair kits without Bearing,https://mekoautoindia.com/pumpkits,,,,,0
READY,M-1818/1840/1865,S 855 / S 744 / S 855 XM WITH MEKO DESIGN PLASTIC IMPELLER & W.P. UNITIZED SEAL M-702 U,,Automotive Water Pump Kits & Spares,Water Pumps Repair kits without Bearing,https://mekoautoindia.com/pumpkits,,,,,0
READY,M-1819,SWARAJ 939 WITH C.I IMPELLER & W.P. UNITIZED SEAL M-702 U,,Automotive Water Pump Kits & Spares,Water Pumps Repair kits without Bearing,https://mekoautoindia.com/pumpkits,,,,,0
READY,M-1812,ESCORT 345 WITH MEKO DESIGN PLASTIC IMPELLER & W.P. UNITIZED SEAL M-702 U,,Automotive Water Pump Kits & Spares,Water Pumps Repair kits without Bearing,https://mekoautoindia.com/pumpkits,,,,,0
READY,M-1815/1816/1827,ZETOR 2011 / 5911 / HG 453 WITH MEKO DESIGN PLASTIC IMPELLER & W.P. UNITIZED SEAL M-702 U,,Automotive Water Pump Kits & Spares,Water Pumps Repair kits without Bearing,https://mekoautoindia.com/pumpkits,,,,,0
READY,M-1820,FORD 3600 / 3620 WITH CAST IRON IMPELLER WITH CERAMIC & W.P. SEAL M-704 H,,Automotive Water Pump Kits & Spares,Water Pumps Repair kits without Bearing,https://mekoautoindia.com/pumpkits,,,,,0
READY,M-1820A,FORD 3600 / 3620 WITH MEKO DESIGN PLASTIC IMPELLER WITH CERAMIC & W.P. SEAL M-704 H,,Automotive Water Pump Kits & Spares,Water Pumps Repair kits without Bearing,https://mekoautoindia.com/pumpkits,,,,,0
READY,M-1820B,FORD 3600 / 3620 WITH MEKO DESIGN PLASTIC IMPELLER & W.P. UNITIZED SEAL M-702 U,,Automotive Water Pump Kits & Spares,Water Pumps Repair kits without Bearing,https://mekoautoindia.com/pumpkits,,,,,0
READY,M-1830,A.V.L WITH MEKO DESIGN PLASTIC IMPELLER & W.P. UNITIZED SEAL M-702 U,,Automotive Water Pump Kits & Spares,Water Pumps Repair kits without Bearing,https://mekoautoindia.com/pumpkits,,,,,0
READY,M-1828/1832,SONALIKA WITH MEKO DESIGN PLASTIC IMPELLER & W.P. UNITIZED SEAL M-702 U,,Automotive Water Pump Kits & Spares,Water Pumps Repair kits without Bearing,https://mekoautoindia.com/pumpkits,,,,,0
READY,M-1850,JOHN DEERE WITH C.I IMPELLER & W.P. UNITIZED SEAL M-702 U,,Automotive Water Pump Kits & Spares,Water Pumps Repair kits without Bearing,https://mekoautoindia.com/pumpkits,,,,,0
READY,M-1862,MM TURBO WITH MEKO DESIGN PLASTIC IMPELLER & W.P. UNITIZED SEAL M-702 U,,Automotive Water Pump Kits & Spares,Water Pumps Repair kits without Bearing,https://mekoautoindia.com/pumpkits,,,,,0
READY,M-6505/M-6855,697 ENGINE TATA 1312 WITH CAST IRON IMPELLER WITH CERAMIC & W.P. SEAL M-704 H,,Automotive Water Pump Kits & Spares,Water Pumps Repair kits with Bearing,https://mekoautoindia.com/pumpkits,,,,,0
READY,M-6505A/M-6855A,697 ENGINE TATA 1312 WITH MEKO DESIGN PLASTIC IMPELLER WITH CERAMIC & W.P. SEAL M-704 H,,Automotive Water Pump Kits & Spares,Water Pumps Repair kits with Bearing,https://mekoautoindia.com/pumpkits,,,,,0
READY,M-6505B/M-6855B,697 ENGINE TATA 1312 WITH MEKO DESIGN PLASTIC IMPELLER & W.P. UNITIZED SEAL M-714 U,,Automotive Water Pump Kits & Spares,Water Pumps Repair kits with Bearing,https://mekoautoindia.com/pumpkits,,,,,0
READY,M-6514/M-6854,697 ENGINE TATA EURO-II WITH ORIGINAL TYPE PLASTIC IMPELLER & W.P. UNITIZED SEAL M-714 U,,Automotive Water Pump Kits & Spares,Water Pumps Repair kits with Bearing,https://mekoautoindia.com/pumpkits,,,,,0
READY,M-6517/M-6857,697 ENGINE TATA EURO-II WITH ORIGINAL TYPE PLASTIC IMPELLER & W.P. UNITIZED SEAL M-714 U,,Automotive Water Pump Kits & Spares,Water Pumps Repair kits with Bearing,https://mekoautoindia.com/pumpkits,,,,,0
READY,M-6520/M-6870,697 ENG. TURBO TATA EURO-IV WITH ORIGINAL TYPE PLASTIC IMPELLER & W.P. UNITIZED SEAL M-714 U,,Automotive Water Pump Kits & Spares,Water Pumps Repair kits with Bearing,https://mekoautoindia.com/pumpkits,,,,,0
READY,M-6534/M-6845A/M-6845B,CUMMINS ENG. 4923 BS-III TC N/M / 2528 PRIMA TC LAT. MODEL WITH ORIGINAL TYPE PLASTIC IMP.,,Automotive Water Pump Kits & Spares,Water Pumps Repair kits with Bearing,https://mekoautoindia.com/pumpkits,,,,,0
READY,M-6535/M-6845,CUMMINS ENG. LPT 2516 BS-II TC TURBO WITH SHEET METAL IMPELLER,,Automotive Water Pump Kits & Spares,Water Pumps Repair kits with Bearing,https://mekoautoindia.com/pumpkits,,,,,0
READY,M-6508,HINO 6D,,Automotive Water Pump Kits & Spares,Water Pumps Repair kits with Bearing,https://mekoautoindia.com/pumpkits,,,,,0
READY,M-6608/M-6524,LEYLAND CARGO,,Automotive Water Pump Kits & Spares,Water Pumps Repair kits with Bearing,https://mekoautoindia.com/pumpkits,,,,,0
READY,M-6532,HINO EURO-II,,Automotive Water Pump Kits & Spares,Water Pumps Repair kits with Bearing,https://mekoautoindia.com/pumpkits,,,,,0
READY,M-6533,HINO EURO-III,,Automotive Water Pump Kits & Spares,Water Pumps Repair kits with Bearing,https://mekoautoindia.com/pumpkits,,,,,0
READY,M-6538,HINO EURO–IV,,Automotive Water Pump Kits & Spares,Water Pumps Repair kits with Bearing,https://mekoautoindia.com/pumpkits,,,,,0
READY,M-6519/M-6545,QHL / S-4 H/P WITH C.I. IMPELLER AND W.P. UNITIZED SEAL M-702 U,,Automotive Water Pump Kits & Spares,Water Pumps Repair kits with Bearing,https://mekoautoindia.com/pumpkits,,,,,0
READY,M-6513/M-6824/M-6511/M-6826,L/L 3416 COMBINE HARVESTOR ENG. WITH BRASS IMPELLER,,Automotive Water Pump Kits & Spares,Water Pumps Repair kits with Bearing,https://mekoautoindia.com/pumpkits,,,,,0
READY,M-6513A/M-6824A/M-6511A/M-6826A,L/L 3416 COMBINE HARVESTOR ENG. WITH MEKO DESIGN PLASTIC IMPELLER,,Automotive Water Pump Kits & Spares,Water Pumps Repair kits with Bearing,https://mekoautoindia.com/pumpkits,,,,,0
READY,M-6510/M-6822,L/L 400 COMBINE HARVESTOR ENG. WITH BRASS IMPELLER,,Automotive Water Pump Kits & Spares,Water Pumps Repair kits with Bearing,https://mekoautoindia.com/pumpkits,,,,,0
READY,M-6510A/M-6822A,L/L 400 COMBINE HARVESTOR ENG. WITH MEKO DESIGN PLASTIC IMPELLER,,Automotive Water Pump Kits & Spares,Water Pumps Repair kits with Bearing,https://mekoautoindia.com/pumpkits,,,,,0
READY,M-6506/M-6821,L/L 370 COMBINE HARVESTOR ENG. WITH BRASS IMPELLER,,Automotive Water Pump Kits & Spares,Water Pumps Repair kits with Bearing,https://mekoautoindia.com/pumpkits,,,,,0
READY,M-6506A/M-6821A,L/L 370 COMBINE HARVESTOR ENG. WITH MEKO DESIGN PLASTIC IMPELLER,,Automotive Water Pump Kits & Spares,Water Pumps Repair kits with Bearing,https://mekoautoindia.com/pumpkits,,,,,0
READY,M-6507/M-6836,L/L 680 D.G. GENSET ENG. WITH BRASS IMPELLER,,Automotive Water Pump Kits & Spares,Water Pumps Repair kits with Bearing,https://mekoautoindia.com/pumpkits,,,,,0
READY,M-6507A/M-6836A,L/L 680 D.G. GENSET ENG. WITH MEKO DESIGN PLASTIC IMPELLER,,Automotive Water Pump Kits & Spares,Water Pumps Repair kits with Bearing,https://mekoautoindia.com/pumpkits,,,,,0
READY,M-6523/M-6838,L/L 690 D.G. GENSET ENG. WITH BRASS IMPELLER,,Automotive Water Pump Kits & Spares,Water Pumps Repair kits with Bearing,https://mekoautoindia.com/pumpkits,,,,,0
READY,M-6523A/M-6838A,L/L 690 D.G. GENSET ENG. WITH MEKO DESIGN PLASTIC IMPELLER,,Automotive Water Pump Kits & Spares,Water Pumps Repair kits with Bearing,https://mekoautoindia.com/pumpkits,,,,,0
READY,M-6554,JCB 3DX,,Automotive Water Pump Kits & Spares,Water Pumps Repair kits with Bearing,https://mekoautoindia.com/pumpkits,,,,,0
READY,M-6801,P3 O/M WITH CAST IRON IMPELLER WITH CERAMIC & W.P. SEAL M-704 H,,Automotive Water Pump Kits & Spares,Water Pumps Repair kits with Bearing,https://mekoautoindia.com/pumpkits,,,,,0
READY,M-6801A,P3 O/M WITH MEKO DESIGN PLASTIC IMPELLER WITH CERAMIC & W.P. SEAL M-704 H,,Automotive Water Pump Kits & Spares,Water Pumps Repair kits with Bearing,https://mekoautoindia.com/pumpkits,,,,,0
READY,M-6801B,P3 O/M WITH MEKO DESIGN PLASTIC IMPELLER & W.P. UNITIZED SEAL M-702 U,,Automotive Water Pump Kits & Spares,Water Pumps Repair kits with Bearing,https://mekoautoindia.com/pumpkits,,,,,0
READY,M-6803,P3 DI WITH CAST IRON IMPELLER WITH CERAMIC & W.P. SEAL M-704 H,,Automotive Water Pump Kits & Spares,Water Pumps Repair kits with Bearing,https://mekoautoindia.com/pumpkits,,,,,0
READY,M-6803-A,P3 DI WITH MEKO DESIGN PLASTIC IMPELLER WITH CERAMIC & W.P. SEAL M-704 H,,Automotive Water Pump Kits & Spares,Water Pumps Repair kits with Bearing,https://mekoautoindia.com/pumpkits,,,,,0
READY,M-6803B,P3 DI WITH MEKO DESIGN PLASTIC IMPELLER & W.P. UNITIZED SEAL M-702 U,,Automotive Water Pump Kits & Spares,Water Pumps Repair kits with Bearing,https://mekoautoindia.com/pumpkits,,,,,0
READY,M-6804/M-8805,M/F 135 – 145 WITH CAST IRON IMPELLER WITH CERAMIC & W.P. SEAL M-704 H,,Automotive Water Pump Kits & Spares,Water Pumps Repair kits with Bearing,https://mekoautoindia.com/pumpkits,,,,,0
READY,M-6804A/M-6805A,M/F 135 – 145 WITH MEKO DESIGN PLASTIC IMPELLER WITH CERAMIC & W.P. SEAL M-704 H,,Automotive Water Pump Kits & Spares,Water Pumps Repair kits with Bearing,https://mekoautoindia.com/pumpkits,,,,,0
READY,M-6804B/M-6805B,M/F 135 – 145 WITH MEKO DESIGN PLASTIC IMPELLER & W.P. UNITIZED SEAL M-702 U,,Automotive Water Pump Kits & Spares,Water Pumps Repair kits with Bearing,https://mekoautoindia.com/pumpkits,,,,,0
READY,M-6808/M-6809,J/D INTER O/M WITH CAST IRON IMPELLER WITH CERAMIC & W.P. SEAL M-704 H,,Automotive Water Pump Kits & Spares,Water Pumps Repair kits with Bearing,https://mekoautoindia.com/pumpkits,,,,,0
READY,M-6808A/M-6809A,J/D INTER O/M WITH MEKO DESIGN PLASTIC IMPELLER WITH CERAMIC & W.P. SEAL M-704 H,,Automotive Water Pump Kits & Spares,Water Pumps Repair kits with Bearing,https://mekoautoindia.com/pumpkits,,,,,0
READY,M-6808B/M-6809B,J/D INTER O/M WITH MEKO DESIGN PLASTIC IMPELLER & W.P. UNITIZED SEAL M-702 U,,Automotive Water Pump Kits & Spares,Water Pumps Repair kits with Bearing,https://mekoautoindia.com/pumpkits,,,,,0
READY,M-6810,INTER DI WITH CAST IRON IMPELLER WITH CERAMIC & W.P. SEAL M-704 H,,Automotive Water Pump Kits & Spares,Water Pumps Repair kits with Bearing,https://mekoautoindia.com/pumpkits,,,,,0
READY,M-6810A,INTER DI WITH MEKO DESIGN PLASTIC IMPELLER WITH CERAMIC & W.P. SEAL M-704 H,,Automotive Water Pump Kits & Spares,Water Pumps Repair kits with Bearing,https://mekoautoindia.com/pumpkits,,,,,0
READY,M-6810B,INTER DI WITH MEKO DESIGN PLASTIC IMPELLER & W.P. UNITIZED SEAL M-702 U,,Automotive Water Pump Kits & Spares,Water Pumps Repair kits with Bearing,https://mekoautoindia.com/pumpkits,,,,,0
READY,M-6814,SARPANCH WITH MEKO DESIGN PLASTIC IMPELLER & W.P. UNITIZED SEAL M-702 U,,Automotive Water Pump Kits & Spares,Water Pumps Repair kits with Bearing,https://mekoautoindia.com/pumpkits,,,,,0
READY,M-6837/M-6626,M&M ARJUN ULTRA WITH MEKO DESIGN PLASTIC IMPELLER & W.P. UNITIZED SEAL M-702 U,,Automotive Water Pump Kits & Spares,Water Pumps Repair kits with Bearing,https://mekoautoindia.com/pumpkits,,,,,0
READY,M-6811/6817,SWARAJ 735-724 WITH MEKO DESIGN PLASTIC IMPELLER & W.P. UNITIZED SEAL M-702 U,,Automotive Water Pump Kits & Spares,Water Pumps Repair kits with Bearing,https://mekoautoindia.com/pumpkits,,,,,0
READY,M-6818/M-6840/M-6865,S 855 / S 744 / S 855 XM WITH MEKO DESIGN PLASTIC IMPELLER & W.P. UNITIZED SEAL M-702 U,,Automotive Water Pump Kits & Spares,Water Pumps Repair kits with Bearing,https://mekoautoindia.com/pumpkits,,,,,0
READY,M-6819,SWARAJ 939 WITH C.I IMPELLER & W.P. UNITIZED SEAL M-702 U,,Automotive Water Pump Kits & Spares,Water Pumps Repair kits with Bearing,https://mekoautoindia.com/pumpkits,,,,,0
READY,M-6812,ESCORT 345 WITH MEKO DESIGN PLASTIC IMPELLER & W.P. UNITIZED SEAL M-702 U,,Automotive Water Pump Kits & Spares,Water Pumps Repair kits with Bearing,https://mekoautoindia.com/pumpkits,,,,,0
READY,M-6815/M-6816,ZETOR 2011 / 5911 / HG 453 WITH MEKO DESIGN PLASTIC IMPELLER & W.P. UNITIZED SEAL M-702 U,,Automotive Water Pump Kits & Spares,Water Pumps Repair kits with Bearing,https://mekoautoindia.com/pumpkits,,,,,0
READY,M-6820,FORD 3600 / 3620 WITH CAST IRON IMPELLER WITH CERAMIC & W.P. SEAL M-704 H,,Automotive Water Pump Kits & Spares,Water Pumps Repair kits with Bearing,https://mekoautoindia.com/pumpkits,,,,,0
READY,M-6820A,FORD 3600 / 3620 WITH MEKO DESIGN PLASTIC IMPELLER WITH CERAMIC & W.P. SEAL M-704 H,,Automotive Water Pump Kits & Spares,Water Pumps Repair kits with Bearing,https://mekoautoindia.com/pumpkits,,,,,0
READY,M-6820B,FORD 3600 / 3620 WITH MEKO DESIGN PLASTIC IMPELLER & W.P. UNITIZED SEAL M-702 U,,Automotive Water Pump Kits & Spares,Water Pumps Repair kits with Bearing,https://mekoautoindia.com/pumpkits,,,,,0
READY,M-6830,A.V.L WITH MEKO DESIGN PLASTIC IMPELLER & W.P. UNITIZED SEAL M-702 U,,Automotive Water Pump Kits & Spares,Water Pumps Repair kits with Bearing,https://mekoautoindia.com/pumpkits,,,,,0
READY,M-6828/M-6827,SONALIKA WITH MEKO DESIGN PLASTIC IMPELLER & W.P. UNITIZED SEAL M-702 U,,Automotive Water Pump Kits & Spares,Water Pumps Repair kits with Bearing,https://mekoautoindia.com/pumpkits,,,,,0
READY,M-6850,JOHN DEERE WITH C.I. IMPELLER & W.P. UNITIZED SEAL M-702 U,,Automotive Water Pump Kits & Spares,Water Pumps Repair kits with Bearing,https://mekoautoindia.com/pumpkits,,,,,0
READY,M-6862,MM TURBO WITH MEKO DESIGN PLASTIC IMPELLER & W.P. UNITIZED SEAL M-702 U,,Automotive Water Pump Kits & Spares,Water Pumps Repair kits with Bearing,https://mekoautoindia.com/pumpkits,,,,,0
READY,M-2505/M-2855,697 ENGINE TATA 1312,,Automotive Water Pump Kits & Spares,Water Pumps Seal kits,https://mekoautoindia.com/pumpkits,,,,,0
READY,M-2514/M-2854,697 ENGINE TATA EURO – II,,Automotive Water Pump Kits & Spares,Water Pumps Seal kits,https://mekoautoindia.com/pumpkits,,,,,0
READY,M-5514,TATA 1210 O/M,,Automotive Water Pump Kits & Spares,Water Pumps Seal kits,https://mekoautoindia.com/pumpkits,,,,,0
READY,M-2517/M-2857,697 TURBO ENGINE TATA EURO – III,,Automotive Water Pump Kits & Spares,Water Pumps Seal kits,https://mekoautoindia.com/pumpkits,,,,,0
READY,M-2520/M-2870,697 TURBO ENGINE TATA EURO – IV,,Automotive Water Pump Kits & Spares,Water Pumps Seal kits,https://mekoautoindia.com/pumpkits,,,,,0
READY,M-2534/M-2845A/M-2845B,CUMMINS ENGINE 4923 BS-III TC N/M / 2528 PRIMA TC LATEST MODEL,,Automotive Water Pump Kits & Spares,Water Pumps Seal kits,https://mekoautoindia.com/pumpkits,,,,,0
READY,M-2535/M-2845,CUMMINS ENGINE LPT 2516 BS-II TC TURBO,,Automotive Water Pump Kits & Spares,Water Pumps Seal kits,https://mekoautoindia.com/pumpkits,,,,,0
READY,M-4508,HINO 6D,,Automotive Water Pump Kits & Spares,Water Pumps Seal kits,https://mekoautoindia.com/pumpkits,,,,,0
READY,M-2603,TATA 407,,Automotive Water Pump Kits & Spares,Water Pumps Seal kits,https://mekoautoindia.com/pumpkits,,,,,0
READY,M-2650,TATA 407 NEW MODEL,,Automotive Water Pump Kits & Spares,Water Pumps Seal kits,https://mekoautoindia.com/pumpkits,,,,,0
READY,M-2665,TATA 410,,Automotive Water Pump Kits & Spares,Water Pumps Seal kits,https://mekoautoindia.com/pumpkits,,,,,0
READY,M-3505/M-3855,TATA 1312,,Automotive Water Pump Kits & Spares,Water Pumps Seal kits,https://mekoautoindia.com/pumpkits,,,,,0
READY,M-3603,TATA 407,,Automotive Water Pump Kits & Spares,Water Pumps Seal kits,https://mekoautoindia.com/pumpkits,,,,,0
READY,M-3514/M-3854,EURO – II 697 ENGINE,,Automotive Water Pump Kits & Spares,Water Pumps Seal kits,https://mekoautoindia.com/pumpkits,,,,,0
READY,M-3517/M-3857,EURO – III 697 ENGINE,,Automotive Water Pump Kits & Spares,Water Pumps Seal kits,https://mekoautoindia.com/pumpkits,,,,,0
READY,M-3506/M-3821,L/L 370 COMBINE HARVESTER ENG.,,Automotive Water Pump Kits & Spares,Water Pumps Seal kits,https://mekoautoindia.com/pumpkits,,,,,0
READY,M-3510/M-3822,L/L 400 COMBINE HARVESTER ENG.,,Automotive Water Pump Kits & Spares,Water Pumps Seal kits,https://mekoautoindia.com/pumpkits,,,,,0
READY,M-3513/M-3824,L/L 3416 COMBINE HARVESTER ENG.,,Automotive Water Pump Kits & Spares,Water Pumps Seal kits,https://mekoautoindia.com/pumpkits,,,,,0
READY,M-3507/M-3836,L/L 680 D.G. GENSET ENG.,,Automotive Water Pump Kits & Spares,Water Pumps Seal kits,https://mekoautoindia.com/pumpkits,,,,,0
READY,M-3523/M-3838,L/L 690 D.G. GENSET ENG.,,Automotive Water Pump Kits & Spares,Water Pumps Seal kits,https://mekoautoindia.com/pumpkits,,,,,0
READY,M-705U,COMBINE HARVESTER,,Automotive Water Pump Kits & Spares,Water Pumps Seals,https://mekoautoindia.com/pumpkits,,,,,0
READY,M-707,370 COMBINE HARVESTER,,Automotive Water Pump Kits & Spares,Water Pumps Seals,https://mekoautoindia.com/pumpkits,,,,,0
READY,M-708,3416 COMBINE HARVESTER,,Automotive Water Pump Kits & Spares,Water Pumps Seals,https://mekoautoindia.com/pumpkits,,,,,0
READY,M-712U,COMBINE HARVESTER,,Automotive Water Pump Kits & Spares,Water Pumps Seals,https://mekoautoindia.com/pumpkits,,,,,0
READY,M-714U,COMBINE HARVESTER,,Automotive Water Pump Kits & Spares,Water Pumps Seals,https://mekoautoindia.com/pumpkits,,,,,0
READY,M-716,STEEL CUP L/L 400 COMBINE HARVESTER,,Automotive Water Pump Kits & Spares,Water Pumps Seals,https://mekoautoindia.com/pumpkits,,,,,0
READY,M-702U,MAHINDRA / FORD / ESCORT / NEW HOLLAND / JOHN DEERE / HM & ALL MODELS,,Automotive Water Pump Kits & Spares,Water Pumps Seals,https://mekoautoindia.com/pumpkits,,,,,0
READY,M-701U,SWARAJ ALL NEW MODELS,,Automotive Water Pump Kits & Spares,Water Pumps Seals,https://mekoautoindia.com/pumpkits,,,,,0
READY,M-704H,ALL OLD MODELS,,Automotive Water Pump Kits & Spares,Water Pumps Seals,https://mekoautoindia.com/pumpkits,,,,,0
READY,M-70452,M-704 H SEAL WITH CREAMIC 27 / 19 / 4,,Automotive Water Pump Kits & Spares,Water Pumps Seals,https://mekoautoindia.com/pumpkits,,,,,0
READY,M-706R,INTER / P-3 / ALL OLDEST MODELS,,Automotive Water Pump Kits & Spares,Water Pumps Seals,https://mekoautoindia.com/pumpkits,,,,,0
READY,M-50101/M-85101,692 ENGINE 1210,,Automotive Water Pump Kits & Spares,Water Pumps shafts or intergral shaft Bearings,https://mekoautoindia.com/pumpkits,,,,,0
READY,M-50501/M-85501,697 ENGINE 1312 / EURO – II / EURO -III,,Automotive Water Pump Kits & Spares,Water Pumps shafts or intergral shaft Bearings,https://mekoautoindia.com/pumpkits,,,,,0
READY,M-52001/M-87001,TATA EURO-IV ENGINE,,Automotive Water Pump Kits & Spares,Water Pumps shafts or intergral shaft Bearings,https://mekoautoindia.com/pumpkits,,,,,0
READY,M-50801,HINO 6D,,Automotive Water Pump Kits & Spares,Water Pumps shafts or intergral shaft Bearings,https://mekoautoindia.com/pumpkits,,,,,0
READY,M-53201,HINO EURO -II,,Automotive Water Pump Kits & Spares,Water Pumps shafts or intergral shaft Bearings,https://mekoautoindia.com/pumpkits,,,,,0
READY,M-53301,HINO EURO – III,,Automotive Water Pump Kits & Spares,Water Pumps shafts or intergral shaft Bearings,https://mekoautoindia.com/pumpkits,,,,,0
READY,M-52401/M-60801,EVACO CARGO,,Automotive Water Pump Kits & Spares,Water Pumps shafts or intergral shaft Bearings,https://mekoautoindia.com/pumpkits,,,,,0
READY,M-60301,TATA 407,,Automotive Water Pump Kits & Spares,Water Pumps shafts or intergral shaft Bearings,https://mekoautoindia.com/pumpkits,,,,,0
READY,M-65001,TATA 407 NEW MODEL,,Automotive Water Pump Kits & Spares,Water Pumps shafts or intergral shaft Bearings,https://mekoautoindia.com/pumpkits,,,,,0
READY,M-53501/M-84501,CUMMINS ENGINE LPT 2516 BS-II TC TURBO,,Automotive Water Pump Kits & Spares,Water Pumps shafts or intergral shaft Bearings,https://mekoautoindia.com/pumpkits,,,,,0
READY,M-53401/M-84501A/M-84501B,CUMMINS ENGINE 4923 BS-III TC N/M / 2528 PRIMA ( TC LATEST MODEL ),,Automotive Water Pump Kits & Spares,Water Pumps shafts or intergral shaft Bearings,https://mekoautoindia.com/pumpkits,,,,,0
READY,M-50601/M-82101,COMBINE HARVESTER ENGINE 370,,Automotive Water Pump Kits & Spares,Water Pumps shafts or intergral shaft Bearings,https://mekoautoindia.com/pumpkits,,,,,0
READY,M-51001/M-82201,COMBINE HARVESTER ENGINE 400,,Automotive Water Pump Kits & Spares,Water Pumps shafts or intergral shaft Bearings,https://mekoautoindia.com/pumpkits,,,,,0
READY,M-51301/M-82401,COMBINE HARVESTER ENGINE 3416,,Automotive Water Pump Kits & Spares,Water Pumps shafts or intergral shaft Bearings,https://mekoautoindia.com/pumpkits,,,,,0
READY,M-50701/M-83601,L/L 680 COMBINE HARVESTER ENG.,,Automotive Water Pump Kits & Spares,Water Pumps shafts or intergral shaft Bearings,https://mekoautoindia.com/pumpkits,,,,,0
READY,M-52301/M-83801,L/L 690 COMBINE HARVESTER ENG.,,Automotive Water Pump Kits & Spares,Water Pumps shafts or intergral shaft Bearings,https://mekoautoindia.com/pumpkits,,,,,0
READY,M-80901,INTER / MAHINDRA ALL MODELS,,Automotive Water Pump Kits & Spares,Water Pumps shafts or intergral shaft Bearings,https://mekoautoindia.com/pumpkits,,,,,0
READY,M-82001,FORD / ESCORT / AVL,,Automotive Water Pump Kits & Spares,Water Pumps shafts or intergral shaft Bearings,https://mekoautoindia.com/pumpkits,,,,,0
READY,M-80401A,M/F 135 / P3 DI,,Automotive Water Pump Kits & Spares,Water Pumps shafts or intergral shaft Bearings,https://mekoautoindia.com/pumpkits,,,,,0
READY,M-50102/M-85102,692 ENGINE 1210 MEKO DESIGN PLASTIC IMPELLER WITH CERAMIC,,Automotive Water Pump Kits & Spares,Water Pumps impellers,https://mekoautoindia.com/pumpkits,,,,,0
READY,M-50502 (C) / M-85502 (C),697 ENGINE 1312 CAST IRON IMPELLER WITH CERAMIC,,Automotive Water Pump Kits & Spares,Water Pumps impellers,https://mekoautoindia.com/pumpkits,,,,,0
READY,M-50502,697 ENGINE 1312 MEKO DESIGN PLASTIC IMPELLER WITHOUT CERAMIC,,Automotive Water Pump Kits & Spares,Water Pumps impellers,https://mekoautoindia.com/pumpkits,,,,,0
READY,M-50502A/M-85502A,697 ENGINE 1312 MEKO DESIGN PLASTIC IMPELLER WITH CERAMIC (USE W.P. SEAL M-704 H),,Automotive Water Pump Kits & Spares,Water Pumps impellers,https://mekoautoindia.com/pumpkits,,,,,0
READY,M-50502B/M-85502B,697 ENGINE 1312 MEKO DESIGN PLASTIC IMPELLER (USE W.P. SEAL M-702 U),,Automotive Water Pump Kits & Spares,Water Pumps impellers,https://mekoautoindia.com/pumpkits,,,,,0
READY,M-51402/M-85402/M-50402/M-54002,697 ENGINE EURO – II ORIGINAL TYPE PLASTIC IMPELLER (USE W.P. SEAL M-714 U),,Automotive Water Pump Kits & Spares,Water Pumps impellers,https://mekoautoindia.com/pumpkits,,,,,0
READY,M-51702/M-85702,697 ENGINE TURBO EURO – III MEKO DESIGN PLASTIC IMPELLER (USE W.P. SEAL M-714 U),,Automotive Water Pump Kits & Spares,Water Pumps impellers,https://mekoautoindia.com/pumpkits,,,,,0
READY,M-50802,HINO 6D,,Automotive Water Pump Kits & Spares,Water Pumps impellers,https://mekoautoindia.com/pumpkits,,,,,0
READY,M-53202A(75MM),HINO EURO – II,,Automotive Water Pump Kits & Spares,Water Pumps impellers,https://mekoautoindia.com/pumpkits,,,,,0
READY,M-53202(85MM),HINO EURO – II,,Automotive Water Pump Kits & Spares,Water Pumps impellers,https://mekoautoindia.com/pumpkits,,,,,0
READY,M-53302,HINO EURO – III,,Automotive Water Pump Kits & Spares,Water Pumps impellers,https://mekoautoindia.com/pumpkits,,,,,0
READY,M-53802,LATEST MODEL HINO EURO – IV,,Automotive Water Pump Kits & Spares,Water Pumps impellers,https://mekoautoindia.com/pumpkits,,,,,0
READY,M-60302,TATA 407 MEKO DESIGN PLASTIC IMPELLER (USE W.P. SEAL M-702 U),,Automotive Water Pump Kits & Spares,Water Pumps impellers,https://mekoautoindia.com/pumpkits,,,,,0
READY,M-65002/M-66402,TATA 407 NEW MODEL MEKO DESIGN PLASTIC IMPELLER (USE W.P. SEAL M-702 U),,Automotive Water Pump Kits & Spares,Water Pumps impellers,https://mekoautoindia.com/pumpkits,,,,,0
READY,M-66502,TATA 410 MEKO DESIGN PLASTIC IMPELLER (USE W.P. SEAL M-702 U),,Automotive Water Pump Kits & Spares,Water Pumps impellers,https://mekoautoindia.com/pumpkits,,,,,0
READY,M-50602/M-82102,HARVESTER COMBINE 370 ENGINE BRASS IMPELLER,,Automotive Water Pump Kits & Spares,Water Pumps impellers,https://mekoautoindia.com/pumpkits,,,,,0
READY,M-50602A/M-82102A,HARVESTER COMBINE 370 ENGINE MEKO DESIGN PLASTIC IMPELLER,,Automotive Water Pump Kits & Spares,Water Pumps impellers,https://mekoautoindia.com/pumpkits,,,,,0
READY,M-51002/M-82202,HARVESTER COMBINE 400 ENGINE BRASS IMPELLER,,Automotive Water Pump Kits & Spares,Water Pumps impellers,https://mekoautoindia.com/pumpkits,,,,,0
READY,M-51002A/M-82202A,HARVESTER COMBINE 400 ENGINE MEKO DESIGN PLASTIC IMPELLER,,Automotive Water Pump Kits & Spares,Water Pumps impellers,https://mekoautoindia.com/pumpkits,,,,,0
READY,M-51302/M-82402,HARVESTER COMBINE 3416 ENGINE BRASS IMPELLER,,Automotive Water Pump Kits & Spares,Water Pumps impellers,https://mekoautoindia.com/pumpkits,,,,,0
READY,M-51302A/M-82402A,HARVESTER COMBINE 3416 ENGINE MEKO DESIGN PLASTIC IMPELLER,,Automotive Water Pump Kits & Spares,Water Pumps impellers,https://mekoautoindia.com/pumpkits,,,,,0
READY,M-50702/M-83602,L/L 680 COMBINE HARVESTER ENG. BRASS IMPELLER,,Automotive Water Pump Kits & Spares,Water Pumps impellers,https://mekoautoindia.com/pumpkits,,,,,0
READY,M-50702A/M-83602A,L/L 680 COMBINE HARVESTER ENG. MEKO DESIGN PLASTIC IMPELLER,,Automotive Water Pump Kits & Spares,Water Pumps impellers,https://mekoautoindia.com/pumpkits,,,,,0
READY,M-52302/M-83802,L/L 690 COMBINE HARVESTER ENG. BRASS IMPELLER,,Automotive Water Pump Kits & Spares,Water Pumps impellers,https://mekoautoindia.com/pumpkits,,,,,0
READY,M-52302A/M-83802A,L/L 690 COMBINE HARVESTER ENG. MEKO DESIGN PLASTIC IMPELLER,,Automotive Water Pump Kits & Spares,Water Pumps impellers,https://mekoautoindia.com/pumpkits,,,,,0
READY,M-81102 / M-81302,SWARAJ 724 – 735 MEKO DESIGN PLASTIC IMPELLER (USE W.P. SEAL M-702 U),,Automotive Water Pump Kits & Spares,Water Pumps impellers,https://mekoautoindia.com/pumpkits,,,,,0
READY,M-80102,P3 CAST IRON IMPELLER WITH CERAMIC (USE W.P. SEAL M-704 H),,Automotive Water Pump Kits & Spares,Water Pumps impellers,https://mekoautoindia.com/pumpkits,,,,,0
READY,M-80102A,P3 MEKO DESIGN PLASTIC IMPELLER WITH CERAMIC (USE W.P. SEAL M-704 H),,Automotive Water Pump Kits & Spares,Water Pumps impellers,https://mekoautoindia.com/pumpkits,,,,,0
READY,M-80102B,P3 MEKO DESIGN PLASTIC IMPELLER (USE W.P. SEAL M-702 U),,Automotive Water Pump Kits & Spares,Water Pumps impellers,https://mekoautoindia.com/pumpkits,,,,,0
READY,M-80302(C)/ M-80402(C) /M-80502,M/F 135 / 245 CAST IRON IMPELLER WITH CERAMIC (USE W.P. SEAL M-704 H),,Automotive Water Pump Kits & Spares,Water Pumps impellers,https://mekoautoindia.com/pumpkits,,,,,0
READY,M-80302A/M-80402A/M-80502A,M/F 135 / 245 MEKO DESIGN PLASTIC IMPELLER WITH CERAMIC (USE W.P. SEAL M-704 H),,Automotive Water Pump Kits & Spares,Water Pumps impellers,https://mekoautoindia.com/pumpkits,,,,,0
READY,M-80302B/M-80402B/M-80502B,M/F 135 / 245 MEKO DESIGN PLASTIC IMPELLER (USE W.P. SEAL M-702 U),,Automotive Water Pump Kits & Spares,Water Pumps impellers,https://mekoautoindia.com/pumpkits,,,,,0
READY,M-80802/M-80902,INTER O/M CAST IRON IMPELLER WITH CERAMIC (USE W.P. SEAL M-704 H),,Automotive Water Pump Kits & Spares,Water Pumps impellers,https://mekoautoindia.com/pumpkits,,,,,0
READY,M-80802A/M-80902A,INTER O/M MEKO DESIGN PLASTIC IMPELLER WITH CERAMIC (USE W.P. SEAL M-704 H),,Automotive Water Pump Kits & Spares,Water Pumps impellers,https://mekoautoindia.com/pumpkits,,,,,0
READY,M-80802B/M-80902B,INTER O/M MEKO DESIGN PLASTIC IMPELLER (USE W.P. SEAL M-702 U),,Automotive Water Pump Kits & Spares,Water Pumps impellers,https://mekoautoindia.com/pumpkits,,,,,0
READY,M-81002 (C),INTER DI CAST IRON IMPELLER WITH CERAMIC (USE W.P. SEAL M-704 H),,Automotive Water Pump Kits & Spares,Water Pumps impellers,https://mekoautoindia.com/pumpkits,,,,,0
READY,M-81002A,INTER DI MEKO DESIGN PLASTIC IMPELLER WITH CERAMIC (USE W.P. SEAL M-704 H),,Automotive Water Pump Kits & Spares,Water Pumps impellers,https://mekoautoindia.com/pumpkits,,,,,0
READY,M-81002B,INTER DI MEKO DESIGN PLASTIC IMPELLER (USE W.P. SEAL M-702 U),,Automotive Water Pump Kits & Spares,Water Pumps impellers,https://mekoautoindia.com/pumpkits,,,,,0
READY,M-81402,SARPANCH MEKO DESIGN PLASTIC IMPELLER (USE W.P. SEAL M-702 U),,Automotive Water Pump Kits & Spares,Water Pumps impellers,https://mekoautoindia.com/pumpkits,,,,,0
READY,M-81802,S-855 MEKO DESIGN PLASTIC IMPELLER (USE W.P. SEAL M-702 U),,Automotive Water Pump Kits & Spares,Water Pumps impellers,https://mekoautoindia.com/pumpkits,,,,,0
READY,M-81502,ZETOR 5911 / 2011 MEKO DESIGN PLASTIC IMPELLER (USE W.P. SEAL M-702 U),,Automotive Water Pump Kits & Spares,Water Pumps impellers,https://mekoautoindia.com/pumpkits,,,,,0
READY,M-82002,FORD 3600 / 3620 CAST DESIGN PLASTIC IMPELLER WITH CERAMIC (USE W.P. SEAL M-704 H),,Automotive Water Pump Kits & Spares,Water Pumps impellers,https://mekoautoindia.com/pumpkits,,,,,0
READY,M-82002A,FORD 3600 / 3620 MEKO DESIGN PLASTIC IMPELLER WITH CERAMIC (USE W.P. SEAL M-704 H),,Automotive Water Pump Kits & Spares,Water Pumps impellers,https://mekoautoindia.com/pumpkits,,,,,0
READY,M-82002B,FORD 3600 / 3620 MEKO DESIGN PLASTIC IMPELLER (USE W.P. SEAL M-702 U),,Automotive Water Pump Kits & Spares,Water Pumps impellers,https://mekoautoindia.com/pumpkits,,,,,0
READY,M-2803/M-2809/M-2820,M/F P3 O/M / INTER O/M / FORD O/M,,Automotive Water Pump Kits & Spares,Water Pumps impellers,https://mekoautoindia.com/pumpkits,,,,,0
READY,M-80909,CHECK NUT MAHINDRA,,Automotive Water Pump Kits & Spares,Water Pumps impellers,https://mekoautoindia.com/pumpkits,,,,,0
READY,M-751,SIZE 22 / 15 / 4 MM,,Automotive Water Pump Kits & Spares,Ceramics,https://mekoautoindia.com/pumpkits,,,,,0
READY,M-752,SIZE 27 / 19 / 4 MM,,Automotive Water Pump Kits & Spares,Ceramics,https://mekoautoindia.com/pumpkits,,,,,0
REVIEW,,,,,,https://mekoautoindia.com/product/jbm-bus,,,,,0
REVIEW,,,,,,https://mekoautoindia.com/product/cummins,,,,,0
REVIEW,,,,,,https://mekoautoindia.com/product/leyland-hino,,,,,0
REVIEW,,,,,,https://mekoautoindia.com/product/mahindra,,,,,0
REVIEW,,,,,,https://mekoautoindia.com/product/land-rover-ambassador-volkswagen,,,,,0
