product_name,brand,manufacturer,fulfilled_by,category,subcategory,product_code,pack_quantity,pack_uom,pack_size,mrp,dlp_price_inclusive_tax,specifications,application,description,source_product_url,source_image_url
"4ST SN","Pensol","PENSOL INDUSTRIES LIMITED","Hind Motors","MOTORBIKE OILS","4ST SN","","900","ml","900 ml","","","Viscosity Grade: SAE 10W-30 / 20W-40 / 20W-50 | Specification: API SN, JASO MA2","","PENSOL 4ST SN is a synthetic technology premium 4 stroke engine oil specially designed for high RPM motorbikes. This oil is suitable for motorbikes meeting BS VI & earlier emission norms. It meets JASO T 903:2016 standard.","https://pensol.com/4ST_SN.html","https://pensol.com/img/4st_sn.jpg"
"4ST SN","Pensol","PENSOL INDUSTRIES LIMITED","Hind Motors","MOTORBIKE OILS","4ST SN","","1","L","1 L","","","Viscosity Grade: SAE 10W-30 / 20W-40 / 20W-50 | Specification: API SN, JASO MA2","","PENSOL 4ST SN is a synthetic technology premium 4 stroke engine oil specially designed for high RPM motorbikes. This oil is suitable for motorbikes meeting BS VI & earlier emission norms. It meets JASO T 903:2016 standard.","https://pensol.com/4ST_SN.html","https://pensol.com/img/4st_sn.jpg"
"4ST SN","Pensol","PENSOL INDUSTRIES LIMITED","Hind Motors","MOTORBIKE OILS","4ST SN","","55","L","55 L","","","Viscosity Grade: SAE 10W-30 / 20W-40 / 20W-50 | Specification: API SN, JASO MA2","","PENSOL 4ST SN is a synthetic technology premium 4 stroke engine oil specially designed for high RPM motorbikes. This oil is suitable for motorbikes meeting BS VI & earlier emission norms. It meets JASO T 903:2016 standard.","https://pensol.com/4ST_SN.html","https://pensol.com/img/4st_sn.jpg"
"4ST SN","Pensol","PENSOL INDUSTRIES LIMITED","Hind Motors","MOTORBIKE OILS","4ST SN","","210","L","210 L","","","Viscosity Grade: SAE 10W-30 / 20W-40 / 20W-50 | Specification: API SN, JASO MA2","","PENSOL 4ST SN is a synthetic technology premium 4 stroke engine oil specially designed for high RPM motorbikes. This oil is suitable for motorbikes meeting BS VI & earlier emission norms. It meets JASO T 903:2016 standard.","https://pensol.com/4ST_SN.html","https://pensol.com/img/4st_sn.jpg"
"4ST SM","Pensol","PENSOL INDUSTRIES LIMITED","Hind Motors","MOTORBIKE OILS","4ST SM","","900","ml","900 ml","","","Viscosity Grade: SAE 10W-30 / 20W-40 / 15W-50 | Specification: API SM, JASO MA2","","PENSOL 4ST SM is a synthetic technology 4 stroke engine oil specially designed for high performance motorbikes. This oil ensures that your engine delivers high power and torque, improving control and comfort. It meets JASO T 903:2016 standard.","https://pensol.com/4ST_SM.html","https://pensol.com/img/4st_sm.jpg"
"4ST SM","Pensol","PENSOL INDUSTRIES LIMITED","Hind Motors","MOTORBIKE OILS","4ST SM","","1","L","1 L","","","Viscosity Grade: SAE 10W-30 / 20W-40 / 15W-50 | Specification: API SM, JASO MA2","","PENSOL 4ST SM is a synthetic technology 4 stroke engine oil specially designed for high performance motorbikes. This oil ensures that your engine delivers high power and torque, improving control and comfort. It meets JASO T 903:2016 standard.","https://pensol.com/4ST_SM.html","https://pensol.com/img/4st_sm.jpg"
"4ST SM","Pensol","PENSOL INDUSTRIES LIMITED","Hind Motors","MOTORBIKE OILS","4ST SM","","55","L","55 L","","","Viscosity Grade: SAE 10W-30 / 20W-40 / 15W-50 | Specification: API SM, JASO MA2","","PENSOL 4ST SM is a synthetic technology 4 stroke engine oil specially designed for high performance motorbikes. This oil ensures that your engine delivers high power and torque, improving control and comfort. It meets JASO T 903:2016 standard.","https://pensol.com/4ST_SM.html","https://pensol.com/img/4st_sm.jpg"
"4ST SM","Pensol","PENSOL INDUSTRIES LIMITED","Hind Motors","MOTORBIKE OILS","4ST SM","","210","L","210 L","","","Viscosity Grade: SAE 10W-30 / 20W-40 / 15W-50 | Specification: API SM, JASO MA2","","PENSOL 4ST SM is a synthetic technology 4 stroke engine oil specially designed for high performance motorbikes. This oil ensures that your engine delivers high power and torque, improving control and comfort. It meets JASO T 903:2016 standard.","https://pensol.com/4ST_SM.html","https://pensol.com/img/4st_sm.jpg"
"4ST EXTRA SL","Pensol","PENSOL INDUSTRIES LIMITED","Hind Motors","MOTORBIKE OILS","4ST EXTRA SL","","900","ml","900 ml","","","Viscosity Grade: SAE 10W-30 / 20W-40 | Specification: API SL, JASO MA2","","PENSOL 4ST EXTRA SL is a high quality 4 stroke engine oil specially developed for standard motorbikes. Its high oil performance reliability helps to protect and clean your engine and prolong its life cycle with least maintenance.","https://pensol.com/4ST_EXTRA_SL.html","https://pensol.com/img/4st_extra_sl.jpg"
"4ST EXTRA SL","Pensol","PENSOL INDUSTRIES LIMITED","Hind Motors","MOTORBIKE OILS","4ST EXTRA SL","","1","L","1 L","","","Viscosity Grade: SAE 10W-30 / 20W-40 | Specification: API SL, JASO MA2","","PENSOL 4ST EXTRA SL is a high quality 4 stroke engine oil specially developed for standard motorbikes. Its high oil performance reliability helps to protect and clean your engine and prolong its life cycle with least maintenance.","https://pensol.com/4ST_EXTRA_SL.html","https://pensol.com/img/4st_extra_sl.jpg"
"4ST EXTRA SL","Pensol","PENSOL INDUSTRIES LIMITED","Hind Motors","MOTORBIKE OILS","4ST EXTRA SL","","55","L","55 L","","","Viscosity Grade: SAE 10W-30 / 20W-40 | Specification: API SL, JASO MA2","","PENSOL 4ST EXTRA SL is a high quality 4 stroke engine oil specially developed for standard motorbikes. Its high oil performance reliability helps to protect and clean your engine and prolong its life cycle with least maintenance.","https://pensol.com/4ST_EXTRA_SL.html","https://pensol.com/img/4st_extra_sl.jpg"
"4ST EXTRA SL","Pensol","PENSOL INDUSTRIES LIMITED","Hind Motors","MOTORBIKE OILS","4ST EXTRA SL","","210","L","210 L","","","Viscosity Grade: SAE 10W-30 / 20W-40 | Specification: API SL, JASO MA2","","PENSOL 4ST EXTRA SL is a high quality 4 stroke engine oil specially developed for standard motorbikes. Its high oil performance reliability helps to protect and clean your engine and prolong its life cycle with least maintenance.","https://pensol.com/4ST_EXTRA_SL.html","https://pensol.com/img/4st_extra_sl.jpg"
"4ST EXTRA","Pensol","PENSOL INDUSTRIES LIMITED","Hind Motors","MOTORBIKE OILS","4ST EXTRA","","900","ml","900 ml","","","Viscosity Grade: SAE 20W-40 | Specification: API SJ, JASO MA2","","PENSOL 4ST EXTRA is a specially formulated 4 stroke engine oil ideal for underbones and mopeds with small, hot-running, hard working engines. It offers high oil performance reliability for enhanced engine life in frequent operating condition.","https://pensol.com/4ST_EXTRA.html","https://pensol.com/img/4st_extra.jpg"
"4ST EXTRA","Pensol","PENSOL INDUSTRIES LIMITED","Hind Motors","MOTORBIKE OILS","4ST EXTRA","","1","L","1 L","","","Viscosity Grade: SAE 20W-40 | Specification: API SJ, JASO MA2","","PENSOL 4ST EXTRA is a specially formulated 4 stroke engine oil ideal for underbones and mopeds with small, hot-running, hard working engines. It offers high oil performance reliability for enhanced engine life in frequent operating condition.","https://pensol.com/4ST_EXTRA.html","https://pensol.com/img/4st_extra.jpg"
"4ST EXTRA","Pensol","PENSOL INDUSTRIES LIMITED","Hind Motors","MOTORBIKE OILS","4ST EXTRA","","55","L","55 L","","","Viscosity Grade: SAE 20W-40 | Specification: API SJ, JASO MA2","","PENSOL 4ST EXTRA is a specially formulated 4 stroke engine oil ideal for underbones and mopeds with small, hot-running, hard working engines. It offers high oil performance reliability for enhanced engine life in frequent operating condition.","https://pensol.com/4ST_EXTRA.html","https://pensol.com/img/4st_extra.jpg"
"4ST EXTRA","Pensol","PENSOL INDUSTRIES LIMITED","Hind Motors","MOTORBIKE OILS","4ST EXTRA","","210","L","210 L","","","Viscosity Grade: SAE 20W-40 | Specification: API SJ, JASO MA2","","PENSOL 4ST EXTRA is a specially formulated 4 stroke engine oil ideal for underbones and mopeds with small, hot-running, hard working engines. It offers high oil performance reliability for enhanced engine life in frequent operating condition.","https://pensol.com/4ST_EXTRA.html","https://pensol.com/img/4st_extra.jpg"
"SCOOT PRO","Pensol","PENSOL INDUSTRIES LIMITED","Hind Motors","MOTORBIKE OILS","SCOOT PRO","","800","ml","800 ml","","","Viscosity Grade: SAE 10W-30 | Specification: API SL, JASO MB","","PENSOL SCOOT PRO is a synthetic technology 4 stroke engine oil specially designed for modern generation gearless scooters using CVT transmission. The friction modifier used in this oil reduces engine friction leading to improved fuel economy, smoother ride and protects the engine for its longer life.","https://pensol.com/SCOOT_PRO.html","https://pensol.com/img/scoot_pro.jpg"
"SCOOT PRO","Pensol","PENSOL INDUSTRIES LIMITED","Hind Motors","MOTORBIKE OILS","SCOOT PRO","","55","L","55 L","","","Viscosity Grade: SAE 10W-30 | Specification: API SL, JASO MB","","PENSOL SCOOT PRO is a synthetic technology 4 stroke engine oil specially designed for modern generation gearless scooters using CVT transmission. The friction modifier used in this oil reduces engine friction leading to improved fuel economy, smoother ride and protects the engine for its longer life.","https://pensol.com/SCOOT_PRO.html","https://pensol.com/img/scoot_pro.jpg"
"SCOOT PRO","Pensol","PENSOL INDUSTRIES LIMITED","Hind Motors","MOTORBIKE OILS","SCOOT PRO","","210","L","210 L","","","Viscosity Grade: SAE 10W-30 | Specification: API SL, JASO MB","","PENSOL SCOOT PRO is a synthetic technology 4 stroke engine oil specially designed for modern generation gearless scooters using CVT transmission. The friction modifier used in this oil reduces engine friction leading to improved fuel economy, smoother ride and protects the engine for its longer life.","https://pensol.com/SCOOT_PRO.html","https://pensol.com/img/scoot_pro.jpg"
"SM 2T","Pensol","PENSOL INDUSTRIES LIMITED","Hind Motors","MOTORBIKE OILS","SM 2T","","500","ml","500 ml","","","Specification: API TC, JASO FC","","PENSOL SM 2T is a high quality engine oil designed for 2 stroke motorcycles, scooters and auto-rickshaws. It is also suitable for CNG/LPG fuelled 2-stroke engines of 3 wheelers.","https://pensol.com/SM_2T.html","https://pensol.com/img/sm_2t.jpg"
"SM 2T","Pensol","PENSOL INDUSTRIES LIMITED","Hind Motors","MOTORBIKE OILS","SM 2T","","1","L","1 L","","","Specification: API TC, JASO FC","","PENSOL SM 2T is a high quality engine oil designed for 2 stroke motorcycles, scooters and auto-rickshaws. It is also suitable for CNG/LPG fuelled 2-stroke engines of 3 wheelers.","https://pensol.com/SM_2T.html","https://pensol.com/img/sm_2t.jpg"
"SM 2T","Pensol","PENSOL INDUSTRIES LIMITED","Hind Motors","MOTORBIKE OILS","SM 2T","","55","L","55 L","","","Specification: API TC, JASO FC","","PENSOL SM 2T is a high quality engine oil designed for 2 stroke motorcycles, scooters and auto-rickshaws. It is also suitable for CNG/LPG fuelled 2-stroke engines of 3 wheelers.","https://pensol.com/SM_2T.html","https://pensol.com/img/sm_2t.jpg"
"SM 2T","Pensol","PENSOL INDUSTRIES LIMITED","Hind Motors","MOTORBIKE OILS","SM 2T","","210","L","210 L","","","Specification: API TC, JASO FC","","PENSOL SM 2T is a high quality engine oil designed for 2 stroke motorcycles, scooters and auto-rickshaws. It is also suitable for CNG/LPG fuelled 2-stroke engines of 3 wheelers.","https://pensol.com/SM_2T.html","https://pensol.com/img/sm_2t.jpg"
"JASO FC 2T","Pensol","PENSOL INDUSTRIES LIMITED","Hind Motors","MOTORBIKE OILS","JASO FC 2T","","40","ml","40 ml (Pouch)","","","Specification: API TC","","PENSOL JASO FC 2T is a low smoke Eco-friendly oil for 2 stroke engines of motorcycles, scooters, mopeds and auto rickshaws. Use dosage ratio as recommended by the vehicle manufacturer.","https://pensol.com/JASO_FC_2T.html","https://pensol.com/img/jaso_fc_2t.jpg"
"JASO FC 2T","Pensol","PENSOL INDUSTRIES LIMITED","Hind Motors","MOTORBIKE OILS","JASO FC 2T","","55","L","55 L","","","Specification: API TC","","PENSOL JASO FC 2T is a low smoke Eco-friendly oil for 2 stroke engines of motorcycles, scooters, mopeds and auto rickshaws. Use dosage ratio as recommended by the vehicle manufacturer.","https://pensol.com/JASO_FC_2T.html","https://pensol.com/img/jaso_fc_2t.jpg"
"JASO FC 2T","Pensol","PENSOL INDUSTRIES LIMITED","Hind Motors","MOTORBIKE OILS","JASO FC 2T","","210","L","210 L","","","Specification: API TC","","PENSOL JASO FC 2T is a low smoke Eco-friendly oil for 2 stroke engines of motorcycles, scooters, mopeds and auto rickshaws. Use dosage ratio as recommended by the vehicle manufacturer.","https://pensol.com/JASO_FC_2T.html","https://pensol.com/img/jaso_fc_2t.jpg"
"FRONT FORK OIL","Pensol","PENSOL INDUSTRIES LIMITED","Hind Motors","MOTORBIKE OILS","FRONT FORK OIL","","175","ml","175 ml","","","","","PENSOL FRONT FORK OIL is a specially formulated for use in hydraulic front forks of motorcycles and other shock absorbing and dampening mechanisms.","https://pensol.com/FRONT_FORK_OIL.html","https://pensol.com/img/front_fork_oil.jpg"
"FRONT FORK OIL","Pensol","PENSOL INDUSTRIES LIMITED","Hind Motors","MOTORBIKE OILS","FRONT FORK OIL","","350","ml","350 ml","","","","","PENSOL FRONT FORK OIL is a specially formulated for use in hydraulic front forks of motorcycles and other shock absorbing and dampening mechanisms.","https://pensol.com/FRONT_FORK_OIL.html","https://pensol.com/img/front_fork_oil.jpg"
"FRONT FORK OIL","Pensol","PENSOL INDUSTRIES LIMITED","Hind Motors","MOTORBIKE OILS","FRONT FORK OIL","","55","L","55 L","","","","","PENSOL FRONT FORK OIL is a specially formulated for use in hydraulic front forks of motorcycles and other shock absorbing and dampening mechanisms.","https://pensol.com/FRONT_FORK_OIL.html","https://pensol.com/img/front_fork_oil.jpg"
"FRONT FORK OIL","Pensol","PENSOL INDUSTRIES LIMITED","Hind Motors","MOTORBIKE OILS","FRONT FORK OIL","","210","L","210 L","","","","","PENSOL FRONT FORK OIL is a specially formulated for use in hydraulic front forks of motorcycles and other shock absorbing and dampening mechanisms.","https://pensol.com/FRONT_FORK_OIL.html","https://pensol.com/img/front_fork_oil.jpg"
"PXT PRIDE","Pensol","PENSOL INDUSTRIES LIMITED","Hind Motors","Passenger Car Engine Oils","PXT PRIDE","","3.5","L","3.5 L","","","Viscosity Grade: SAE 5W-40 | Specification: API SN/CF, ACEA - A3/B4","","PENSOL PXT PRIDE is a synthetic technology engine oil for modern generation turbocharged / supercharged petrol and diesel passenger cars. This oil is a perfect blend of synthetic base oils and high-tech additive system, and provides exceptional protection to the engine having DPF, EGR or any catalyst ensuring reliable lubrication even in the most demanding conditions. It meets API SN/CF, ACEA A3/B4, BMW-LL-01 and MB 229.3 performance standards.","https://pensol.com/PXT_PRIDE.html","https://pensol.com/img/pxt_pride.jpg"
"PXT PRIDE","Pensol","PENSOL INDUSTRIES LIMITED","Hind Motors","Passenger Car Engine Oils","PXT PRIDE","","4","L","4 L","","","Viscosity Grade: SAE 5W-40 | Specification: API SN/CF, ACEA - A3/B4","","PENSOL PXT PRIDE is a synthetic technology engine oil for modern generation turbocharged / supercharged petrol and diesel passenger cars. This oil is a perfect blend of synthetic base oils and high-tech additive system, and provides exceptional protection to the engine having DPF, EGR or any catalyst ensuring reliable lubrication even in the most demanding conditions. It meets API SN/CF, ACEA A3/B4, BMW-LL-01 and MB 229.3 performance standards.","https://pensol.com/PXT_PRIDE.html","https://pensol.com/img/pxt_pride.jpg"
"PXT PRIDE","Pensol","PENSOL INDUSTRIES LIMITED","Hind Motors","Passenger Car Engine Oils","PXT PRIDE","","55","L","55 L","","","Viscosity Grade: SAE 5W-40 | Specification: API SN/CF, ACEA - A3/B4","","PENSOL PXT PRIDE is a synthetic technology engine oil for modern generation turbocharged / supercharged petrol and diesel passenger cars. This oil is a perfect blend of synthetic base oils and high-tech additive system, and provides exceptional protection to the engine having DPF, EGR or any catalyst ensuring reliable lubrication even in the most demanding conditions. It meets API SN/CF, ACEA A3/B4, BMW-LL-01 and MB 229.3 performance standards.","https://pensol.com/PXT_PRIDE.html","https://pensol.com/img/pxt_pride.jpg"
"PXT PRIDE","Pensol","PENSOL INDUSTRIES LIMITED","Hind Motors","Passenger Car Engine Oils","PXT PRIDE","","210","L","210 L","","","Viscosity Grade: SAE 5W-40 | Specification: API SN/CF, ACEA - A3/B4","","PENSOL PXT PRIDE is a synthetic technology engine oil for modern generation turbocharged / supercharged petrol and diesel passenger cars. This oil is a perfect blend of synthetic base oils and high-tech additive system, and provides exceptional protection to the engine having DPF, EGR or any catalyst ensuring reliable lubrication even in the most demanding conditions. It meets API SN/CF, ACEA A3/B4, BMW-LL-01 and MB 229.3 performance standards.","https://pensol.com/PXT_PRIDE.html","https://pensol.com/img/pxt_pride.jpg"
"PXT ULTRA","Pensol","PENSOL INDUSTRIES LIMITED","Hind Motors","Passenger Car Engine Oils","PXT ULTRA","","3","L","3 L","","","Viscosity Grade: SAE 5W-30 | Specification: API SN/CF, ACEA A5/B5","","PENSOL PXT ULTRA is a synthetic technology engine oil for modern generation petrol and diesel passenger cars. This oil is a perfect blend of synthetic base oils and high-tech additive system, and ensures optimum power, optimum performance, protection, durability, fuel efficiency and lower emission devices. It meets API SN, ILSAC G-5, GM dexos 1 performance standards.","https://pensol.com/PXT_ULTRA.html","https://pensol.com/img/pxt_ultra.jpg"
"PXT ULTRA","Pensol","PENSOL INDUSTRIES LIMITED","Hind Motors","Passenger Car Engine Oils","PXT ULTRA","","3.5","L","3.5 L","","","Viscosity Grade: SAE 5W-30 | Specification: API SN/CF, ACEA A5/B5","","PENSOL PXT ULTRA is a synthetic technology engine oil for modern generation petrol and diesel passenger cars. This oil is a perfect blend of synthetic base oils and high-tech additive system, and ensures optimum power, optimum performance, protection, durability, fuel efficiency and lower emission devices. It meets API SN, ILSAC G-5, GM dexos 1 performance standards.","https://pensol.com/PXT_ULTRA.html","https://pensol.com/img/pxt_ultra.jpg"
"PXT ULTRA","Pensol","PENSOL INDUSTRIES LIMITED","Hind Motors","Passenger Car Engine Oils","PXT ULTRA","","55","L","55 L","","","Viscosity Grade: SAE 5W-30 | Specification: API SN/CF, ACEA A5/B5","","PENSOL PXT ULTRA is a synthetic technology engine oil for modern generation petrol and diesel passenger cars. This oil is a perfect blend of synthetic base oils and high-tech additive system, and ensures optimum power, optimum performance, protection, durability, fuel efficiency and lower emission devices. It meets API SN, ILSAC G-5, GM dexos 1 performance standards.","https://pensol.com/PXT_ULTRA.html","https://pensol.com/img/pxt_ultra.jpg"
"PXT ULTRA","Pensol","PENSOL INDUSTRIES LIMITED","Hind Motors","Passenger Car Engine Oils","PXT ULTRA","","210","L","210 L","","","Viscosity Grade: SAE 5W-30 | Specification: API SN/CF, ACEA A5/B5","","PENSOL PXT ULTRA is a synthetic technology engine oil for modern generation petrol and diesel passenger cars. This oil is a perfect blend of synthetic base oils and high-tech additive system, and ensures optimum power, optimum performance, protection, durability, fuel efficiency and lower emission devices. It meets API SN, ILSAC G-5, GM dexos 1 performance standards.","https://pensol.com/PXT_ULTRA.html","https://pensol.com/img/pxt_ultra.jpg"
"PXT DIESEL","Pensol","PENSOL INDUSTRIES LIMITED","Hind Motors","Passenger Car Engine Oils","PXT DIESEL","","7","L","7 L","","","Viscosity Grade: SAE 15W-40 | Specification: API CI-4","","PENSOL PXT DIESEL is a synthetic technology engine oil specially developed for high torque diesel engines of SUVs, MUVs and crossovers. This high quality multi-grade diesel engine oil offers excellent viscosity control, enabling longer engine life, exceptional control on engine deposit formation, and enhanced wear protection.","https://pensol.com/PXT_DIESEL.html","https://pensol.com/img/pxt_diesel2.jpg"
"PXT DIESEL","Pensol","PENSOL INDUSTRIES LIMITED","Hind Motors","Passenger Car Engine Oils","PXT DIESEL","","55","L","55 L","","","Viscosity Grade: SAE 15W-40 | Specification: API CI-4","","PENSOL PXT DIESEL is a synthetic technology engine oil specially developed for high torque diesel engines of SUVs, MUVs and crossovers. This high quality multi-grade diesel engine oil offers excellent viscosity control, enabling longer engine life, exceptional control on engine deposit formation, and enhanced wear protection.","https://pensol.com/PXT_DIESEL.html","https://pensol.com/img/pxt_diesel2.jpg"
"PXT DIESEL","Pensol","PENSOL INDUSTRIES LIMITED","Hind Motors","Passenger Car Engine Oils","PXT DIESEL","","210","L","210 L","","","Viscosity Grade: SAE 15W-40 | Specification: API CI-4","","PENSOL PXT DIESEL is a synthetic technology engine oil specially developed for high torque diesel engines of SUVs, MUVs and crossovers. This high quality multi-grade diesel engine oil offers excellent viscosity control, enabling longer engine life, exceptional control on engine deposit formation, and enhanced wear protection.","https://pensol.com/PXT_DIESEL.html","https://pensol.com/img/pxt_diesel2.jpg"
"PXT","Pensol","PENSOL INDUSTRIES LIMITED","Hind Motors","Passenger Car Engine Oils","PXT","","500","ml","500 ml","","","Viscosity Grade: SAE 20W-50 | Specification: API SL/CF","","PENSOL PXT is a multigrade passenger car engine oil developed for cars & UVs powered by petrol, diesel, CNG or LPG engines. This oil offers high temperature protection that minimises sludge build-up thus reducing component wear.","https://pensol.com/PXT.html","https://pensol.com/img/pxt.jpg"
"PXT","Pensol","PENSOL INDUSTRIES LIMITED","Hind Motors","Passenger Car Engine Oils","PXT","","1","L","1 L","","","Viscosity Grade: SAE 20W-50 | Specification: API SL/CF","","PENSOL PXT is a multigrade passenger car engine oil developed for cars & UVs powered by petrol, diesel, CNG or LPG engines. This oil offers high temperature protection that minimises sludge build-up thus reducing component wear.","https://pensol.com/PXT.html","https://pensol.com/img/pxt.jpg"
"PXT","Pensol","PENSOL INDUSTRIES LIMITED","Hind Motors","Passenger Car Engine Oils","PXT","","3","L","3 L","","","Viscosity Grade: SAE 20W-50 | Specification: API SL/CF","","PENSOL PXT is a multigrade passenger car engine oil developed for cars & UVs powered by petrol, diesel, CNG or LPG engines. This oil offers high temperature protection that minimises sludge build-up thus reducing component wear.","https://pensol.com/PXT.html","https://pensol.com/img/pxt.jpg"
"PXT","Pensol","PENSOL INDUSTRIES LIMITED","Hind Motors","Passenger Car Engine Oils","PXT","","55","L","55 L","","","Viscosity Grade: SAE 20W-50 | Specification: API SL/CF","","PENSOL PXT is a multigrade passenger car engine oil developed for cars & UVs powered by petrol, diesel, CNG or LPG engines. This oil offers high temperature protection that minimises sludge build-up thus reducing component wear.","https://pensol.com/PXT.html","https://pensol.com/img/pxt.jpg"
"PXT","Pensol","PENSOL INDUSTRIES LIMITED","Hind Motors","Passenger Car Engine Oils","PXT","","210","L","210 L","","","Viscosity Grade: SAE 20W-50 | Specification: API SL/CF","","PENSOL PXT is a multigrade passenger car engine oil developed for cars & UVs powered by petrol, diesel, CNG or LPG engines. This oil offers high temperature protection that minimises sludge build-up thus reducing component wear.","https://pensol.com/PXT.html","https://pensol.com/img/pxt.jpg"
"PLATINUM EX PLUS","Pensol","PENSOL INDUSTRIES LIMITED","Hind Motors","Mini CV Engine Oils","PLATINUM EX PLUS","","2.5","L","2.5 L","","","Viscosity Grade: SAE 15W-40 | Specification: API CH-4","","PENSOL PLATINUM EX PLUS is premium diesel engine oil for light and medium duty cargo and passenger vehicles. This oil has high thermal and oxidation stability which helps in achieving longer drain interval and also keeps top-up requirements at a minimum.","https://pensol.com/PLATINUM_EX_PLUS.html","https://pensol.com/img/platinum_ex_plus.jpg"
"PLATINUM EX PLUS","Pensol","PENSOL INDUSTRIES LIMITED","Hind Motors","Mini CV Engine Oils","PLATINUM EX PLUS","","3","L","3 L","","","Viscosity Grade: SAE 15W-40 | Specification: API CH-4","","PENSOL PLATINUM EX PLUS is premium diesel engine oil for light and medium duty cargo and passenger vehicles. This oil has high thermal and oxidation stability which helps in achieving longer drain interval and also keeps top-up requirements at a minimum.","https://pensol.com/PLATINUM_EX_PLUS.html","https://pensol.com/img/platinum_ex_plus.jpg"
"PLATINUM EX PLUS","Pensol","PENSOL INDUSTRIES LIMITED","Hind Motors","Mini CV Engine Oils","PLATINUM EX PLUS","","55","L","55 L","","","Viscosity Grade: SAE 15W-40 | Specification: API CH-4","","PENSOL PLATINUM EX PLUS is premium diesel engine oil for light and medium duty cargo and passenger vehicles. This oil has high thermal and oxidation stability which helps in achieving longer drain interval and also keeps top-up requirements at a minimum.","https://pensol.com/PLATINUM_EX_PLUS.html","https://pensol.com/img/platinum_ex_plus.jpg"
"PLATINUM EX PLUS","Pensol","PENSOL INDUSTRIES LIMITED","Hind Motors","Mini CV Engine Oils","PLATINUM EX PLUS","","210","L","210 L","","","Viscosity Grade: SAE 15W-40 | Specification: API CH-4","","PENSOL PLATINUM EX PLUS is premium diesel engine oil for light and medium duty cargo and passenger vehicles. This oil has high thermal and oxidation stability which helps in achieving longer drain interval and also keeps top-up requirements at a minimum.","https://pensol.com/PLATINUM_EX_PLUS.html","https://pensol.com/img/platinum_ex_plus.jpg"
"PLATINUM EX TURBO","Pensol","PENSOL INDUSTRIES LIMITED","Hind Motors","Mini CV Engine Oils","PLATINUM EX TURBO","","2.5","L","2.5 L","","","Viscosity Grade: SAE 15W-40 | Specification: API CF-4","","PENSOL PLATINUM EX TURBO is high quality diesel engine oil for light and medium duty cargo and passenger vehicles. This oil is specially developed from highly refined base stocks and selected additive package to protect critical engine parts, keeps the engine cool and lower maintenance cost.","https://pensol.com/PLATINUM_EX_TURBO.html","https://pensol.com/img/platinum_ex_turbo.jpg"
"PLATINUM EX TURBO","Pensol","PENSOL INDUSTRIES LIMITED","Hind Motors","Mini CV Engine Oils","PLATINUM EX TURBO","","3","L","3 L","","","Viscosity Grade: SAE 15W-40 | Specification: API CF-4","","PENSOL PLATINUM EX TURBO is high quality diesel engine oil for light and medium duty cargo and passenger vehicles. This oil is specially developed from highly refined base stocks and selected additive package to protect critical engine parts, keeps the engine cool and lower maintenance cost.","https://pensol.com/PLATINUM_EX_TURBO.html","https://pensol.com/img/platinum_ex_turbo.jpg"
"PLATINUM EX TURBO","Pensol","PENSOL INDUSTRIES LIMITED","Hind Motors","Mini CV Engine Oils","PLATINUM EX TURBO","","55","L","55 L","","","Viscosity Grade: SAE 15W-40 | Specification: API CF-4","","PENSOL PLATINUM EX TURBO is high quality diesel engine oil for light and medium duty cargo and passenger vehicles. This oil is specially developed from highly refined base stocks and selected additive package to protect critical engine parts, keeps the engine cool and lower maintenance cost.","https://pensol.com/PLATINUM_EX_TURBO.html","https://pensol.com/img/platinum_ex_turbo.jpg"
"PLATINUM EX TURBO","Pensol","PENSOL INDUSTRIES LIMITED","Hind Motors","Mini CV Engine Oils","PLATINUM EX TURBO","","210","L","210 L","","","Viscosity Grade: SAE 15W-40 | Specification: API CF-4","","PENSOL PLATINUM EX TURBO is high quality diesel engine oil for light and medium duty cargo and passenger vehicles. This oil is specially developed from highly refined base stocks and selected additive package to protect critical engine parts, keeps the engine cool and lower maintenance cost.","https://pensol.com/PLATINUM_EX_TURBO.html","https://pensol.com/img/platinum_ex_turbo.jpg"
"URANUS PLUS","Pensol","PENSOL INDUSTRIES LIMITED","Hind Motors","Diesel Engine Oils","URANUS PLUS","","15","L","15 L","","","Viscosity Grade: SAE 15W-40 | Specification: API CK-4","","PENSOL URANUS PLUS is ultra premium diesel engine oil with synthetic technology, designed to provide performance and protection in modern, emissions treatment equipped Diesel engines, including those with Exhaust Gas Recirculation (EGR), Selective Catalytic Reduction (SCR), Diesel Particulate Filters (DPF) and other modern diesel engine technology.","https://pensol.com/URANUS_PLUS.html","https://pensol.com/img/uranus_plus.jpg"
"URANUS PLUS","Pensol","PENSOL INDUSTRIES LIMITED","Hind Motors","Diesel Engine Oils","URANUS PLUS","","18","L","18 L","","","Viscosity Grade: SAE 15W-40 | Specification: API CK-4","","PENSOL URANUS PLUS is ultra premium diesel engine oil with synthetic technology, designed to provide performance and protection in modern, emissions treatment equipped Diesel engines, including those with Exhaust Gas Recirculation (EGR), Selective Catalytic Reduction (SCR), Diesel Particulate Filters (DPF) and other modern diesel engine technology.","https://pensol.com/URANUS_PLUS.html","https://pensol.com/img/uranus_plus.jpg"
"URANUS PLUS","Pensol","PENSOL INDUSTRIES LIMITED","Hind Motors","Diesel Engine Oils","URANUS PLUS","","55","L","55 L","","","Viscosity Grade: SAE 15W-40 | Specification: API CK-4","","PENSOL URANUS PLUS is ultra premium diesel engine oil with synthetic technology, designed to provide performance and protection in modern, emissions treatment equipped Diesel engines, including those with Exhaust Gas Recirculation (EGR), Selective Catalytic Reduction (SCR), Diesel Particulate Filters (DPF) and other modern diesel engine technology.","https://pensol.com/URANUS_PLUS.html","https://pensol.com/img/uranus_plus.jpg"
"URANUS PLUS","Pensol","PENSOL INDUSTRIES LIMITED","Hind Motors","Diesel Engine Oils","URANUS PLUS","","210","L","210 L","","","Viscosity Grade: SAE 15W-40 | Specification: API CK-4","","PENSOL URANUS PLUS is ultra premium diesel engine oil with synthetic technology, designed to provide performance and protection in modern, emissions treatment equipped Diesel engines, including those with Exhaust Gas Recirculation (EGR), Selective Catalytic Reduction (SCR), Diesel Particulate Filters (DPF) and other modern diesel engine technology.","https://pensol.com/URANUS_PLUS.html","https://pensol.com/img/uranus_plus.jpg"
"DIAMOND EX 36000 PLUS","Pensol","PENSOL INDUSTRIES LIMITED","Hind Motors","Diesel Engine Oils","DIAMOND EX 36000 PLUS","","1","L","1 L","","","Viscosity Grade: SAE 15W-40 | Specification: API CI-4 Plus","","PENSOL DIAMOND EX 36000 PLUS is premium diesel engine oil specifically developed for low emission trucks and buses. This oil is recommended for use in diesel engines fitted in HCV, LCV, Passenger Cars and other off-highway applications. This oil has new advanced technology with SSP Molecule (Super Sludge Protection).","https://pensol.com/DIAMOND_EX_36000_PLUS.html","https://pensol.com/img/diamond_ex_36000_plus.jpg"
"DIAMOND EX 36000 PLUS","Pensol","PENSOL INDUSTRIES LIMITED","Hind Motors","Diesel Engine Oils","DIAMOND EX 36000 PLUS","","10","L","10 L","","","Viscosity Grade: SAE 15W-40 | Specification: API CI-4 Plus","","PENSOL DIAMOND EX 36000 PLUS is premium diesel engine oil specifically developed for low emission trucks and buses. This oil is recommended for use in diesel engines fitted in HCV, LCV, Passenger Cars and other off-highway applications. This oil has new advanced technology with SSP Molecule (Super Sludge Protection).","https://pensol.com/DIAMOND_EX_36000_PLUS.html","https://pensol.com/img/diamond_ex_36000_plus.jpg"
"DIAMOND EX 36000 PLUS","Pensol","PENSOL INDUSTRIES LIMITED","Hind Motors","Diesel Engine Oils","DIAMOND EX 36000 PLUS","","15","L","15 L","","","Viscosity Grade: SAE 15W-40 | Specification: API CI-4 Plus","","PENSOL DIAMOND EX 36000 PLUS is premium diesel engine oil specifically developed for low emission trucks and buses. This oil is recommended for use in diesel engines fitted in HCV, LCV, Passenger Cars and other off-highway applications. This oil has new advanced technology with SSP Molecule (Super Sludge Protection).","https://pensol.com/DIAMOND_EX_36000_PLUS.html","https://pensol.com/img/diamond_ex_36000_plus.jpg"
"DIAMOND EX 36000 PLUS","Pensol","PENSOL INDUSTRIES LIMITED","Hind Motors","Diesel Engine Oils","DIAMOND EX 36000 PLUS","","20","L","20 L","","","Viscosity Grade: SAE 15W-40 | Specification: API CI-4 Plus","","PENSOL DIAMOND EX 36000 PLUS is premium diesel engine oil specifically developed for low emission trucks and buses. This oil is recommended for use in diesel engines fitted in HCV, LCV, Passenger Cars and other off-highway applications. This oil has new advanced technology with SSP Molecule (Super Sludge Protection).","https://pensol.com/DIAMOND_EX_36000_PLUS.html","https://pensol.com/img/diamond_ex_36000_plus.jpg"
"DIAMOND EX 36000 PLUS","Pensol","PENSOL INDUSTRIES LIMITED","Hind Motors","Diesel Engine Oils","DIAMOND EX 36000 PLUS","","55","L","55 L","","","Viscosity Grade: SAE 15W-40 | Specification: API CI-4 Plus","","PENSOL DIAMOND EX 36000 PLUS is premium diesel engine oil specifically developed for low emission trucks and buses. This oil is recommended for use in diesel engines fitted in HCV, LCV, Passenger Cars and other off-highway applications. This oil has new advanced technology with SSP Molecule (Super Sludge Protection).","https://pensol.com/DIAMOND_EX_36000_PLUS.html","https://pensol.com/img/diamond_ex_36000_plus.jpg"
"DIAMOND EX 36000 PLUS","Pensol","PENSOL INDUSTRIES LIMITED","Hind Motors","Diesel Engine Oils","DIAMOND EX 36000 PLUS","","210","L","210 L","","","Viscosity Grade: SAE 15W-40 | Specification: API CI-4 Plus","","PENSOL DIAMOND EX 36000 PLUS is premium diesel engine oil specifically developed for low emission trucks and buses. This oil is recommended for use in diesel engines fitted in HCV, LCV, Passenger Cars and other off-highway applications. This oil has new advanced technology with SSP Molecule (Super Sludge Protection).","https://pensol.com/DIAMOND_EX_36000_PLUS.html","https://pensol.com/img/diamond_ex_36000_plus.jpg"
"DIAMOND EX 36000","Pensol","PENSOL INDUSTRIES LIMITED","Hind Motors","Diesel Engine Oils","DIAMOND EX 36000","","1","L","1 L","","","Viscosity Grade: SAE 15W-40 | Specification: API CI-4","","PENSOL DIAMOND EX 36000 is a synthetic technology high performance diesel engine oil specifically developed for low emission vehicles to extend engine life in trucks and buses of off-highway applications such as tippers. This oil is recommended for use in vehicle fitted with latest turbocharged and low emission high performance diesel engines.","https://pensol.com/DIAMOND_EX_36000.html","https://pensol.com/img/diamond_ex_36000.jpg"
"DIAMOND EX 36000","Pensol","PENSOL INDUSTRIES LIMITED","Hind Motors","Diesel Engine Oils","DIAMOND EX 36000","","7.5","L","7.5 L","","","Viscosity Grade: SAE 15W-40 | Specification: API CI-4","","PENSOL DIAMOND EX 36000 is a synthetic technology high performance diesel engine oil specifically developed for low emission vehicles to extend engine life in trucks and buses of off-highway applications such as tippers. This oil is recommended for use in vehicle fitted with latest turbocharged and low emission high performance diesel engines.","https://pensol.com/DIAMOND_EX_36000.html","https://pensol.com/img/diamond_ex_36000.jpg"
"DIAMOND EX 36000","Pensol","PENSOL INDUSTRIES LIMITED","Hind Motors","Diesel Engine Oils","DIAMOND EX 36000","","10","L","10 L","","","Viscosity Grade: SAE 15W-40 | Specification: API CI-4","","PENSOL DIAMOND EX 36000 is a synthetic technology high performance diesel engine oil specifically developed for low emission vehicles to extend engine life in trucks and buses of off-highway applications such as tippers. This oil is recommended for use in vehicle fitted with latest turbocharged and low emission high performance diesel engines.","https://pensol.com/DIAMOND_EX_36000.html","https://pensol.com/img/diamond_ex_36000.jpg"
"DIAMOND EX 36000","Pensol","PENSOL INDUSTRIES LIMITED","Hind Motors","Diesel Engine Oils","DIAMOND EX 36000","","15","L","15 L","","","Viscosity Grade: SAE 15W-40 | Specification: API CI-4","","PENSOL DIAMOND EX 36000 is a synthetic technology high performance diesel engine oil specifically developed for low emission vehicles to extend engine life in trucks and buses of off-highway applications such as tippers. This oil is recommended for use in vehicle fitted with latest turbocharged and low emission high performance diesel engines.","https://pensol.com/DIAMOND_EX_36000.html","https://pensol.com/img/diamond_ex_36000.jpg"
"DIAMOND EX 36000","Pensol","PENSOL INDUSTRIES LIMITED","Hind Motors","Diesel Engine Oils","DIAMOND EX 36000","","20","L","20 L","","","Viscosity Grade: SAE 15W-40 | Specification: API CI-4","","PENSOL DIAMOND EX 36000 is a synthetic technology high performance diesel engine oil specifically developed for low emission vehicles to extend engine life in trucks and buses of off-highway applications such as tippers. This oil is recommended for use in vehicle fitted with latest turbocharged and low emission high performance diesel engines.","https://pensol.com/DIAMOND_EX_36000.html","https://pensol.com/img/diamond_ex_36000.jpg"
"DIAMOND EX 36000","Pensol","PENSOL INDUSTRIES LIMITED","Hind Motors","Diesel Engine Oils","DIAMOND EX 36000","","55","L","55 L","","","Viscosity Grade: SAE 15W-40 | Specification: API CI-4","","PENSOL DIAMOND EX 36000 is a synthetic technology high performance diesel engine oil specifically developed for low emission vehicles to extend engine life in trucks and buses of off-highway applications such as tippers. This oil is recommended for use in vehicle fitted with latest turbocharged and low emission high performance diesel engines.","https://pensol.com/DIAMOND_EX_36000.html","https://pensol.com/img/diamond_ex_36000.jpg"
"DIAMOND EX 36000","Pensol","PENSOL INDUSTRIES LIMITED","Hind Motors","Diesel Engine Oils","DIAMOND EX 36000","","210","L","210 L","","","Viscosity Grade: SAE 15W-40 | Specification: API CI-4","","PENSOL DIAMOND EX 36000 is a synthetic technology high performance diesel engine oil specifically developed for low emission vehicles to extend engine life in trucks and buses of off-highway applications such as tippers. This oil is recommended for use in vehicle fitted with latest turbocharged and low emission high performance diesel engines.","https://pensol.com/DIAMOND_EX_36000.html","https://pensol.com/img/diamond_ex_36000.jpg"
"PLATINUM EX PLUS","Pensol","PENSOL INDUSTRIES LIMITED","Hind Motors","Diesel Engine Oils","PLATINUM EX PLUS","","500","ml","500 ml","","","Viscosity Grade: SAE 15W-40 | Specification: API CH-4","","PENSOL PLATINUM EX PLUS is a heavy duty diesel engine oil specially formulated from premium base stocks and select performance additives for use in turbocharged & naturally aspired heavy duty diesel engines operating under severe duty conditions. This oil is recommended for diesel engines fitted in HCV, LCV, Passenger Cars and other off-highway applications.","https://pensol.com/PLATINUM_EX_PLUS_COMMERCIAL.html","https://pensol.com/img/platinum_ex_plus_commercial.jpg"
"PLATINUM EX PLUS","Pensol","PENSOL INDUSTRIES LIMITED","Hind Motors","Diesel Engine Oils","PLATINUM EX PLUS","","1","L","1 L","","","Viscosity Grade: SAE 15W-40 | Specification: API CH-4","","PENSOL PLATINUM EX PLUS is a heavy duty diesel engine oil specially formulated from premium base stocks and select performance additives for use in turbocharged & naturally aspired heavy duty diesel engines operating under severe duty conditions. This oil is recommended for diesel engines fitted in HCV, LCV, Passenger Cars and other off-highway applications.","https://pensol.com/PLATINUM_EX_PLUS_COMMERCIAL.html","https://pensol.com/img/platinum_ex_plus_commercial.jpg"
"PLATINUM EX PLUS","Pensol","PENSOL INDUSTRIES LIMITED","Hind Motors","Diesel Engine Oils","PLATINUM EX PLUS","","10","L","10 L","","","Viscosity Grade: SAE 15W-40 | Specification: API CH-4","","PENSOL PLATINUM EX PLUS is a heavy duty diesel engine oil specially formulated from premium base stocks and select performance additives for use in turbocharged & naturally aspired heavy duty diesel engines operating under severe duty conditions. This oil is recommended for diesel engines fitted in HCV, LCV, Passenger Cars and other off-highway applications.","https://pensol.com/PLATINUM_EX_PLUS_COMMERCIAL.html","https://pensol.com/img/platinum_ex_plus_commercial.jpg"
"PLATINUM EX PLUS","Pensol","PENSOL INDUSTRIES LIMITED","Hind Motors","Diesel Engine Oils","PLATINUM EX PLUS","","15","L","15 L","","","Viscosity Grade: SAE 15W-40 | Specification: API CH-4","","PENSOL PLATINUM EX PLUS is a heavy duty diesel engine oil specially formulated from premium base stocks and select performance additives for use in turbocharged & naturally aspired heavy duty diesel engines operating under severe duty conditions. This oil is recommended for diesel engines fitted in HCV, LCV, Passenger Cars and other off-highway applications.","https://pensol.com/PLATINUM_EX_PLUS_COMMERCIAL.html","https://pensol.com/img/platinum_ex_plus_commercial.jpg"
"PLATINUM EX PLUS","Pensol","PENSOL INDUSTRIES LIMITED","Hind Motors","Diesel Engine Oils","PLATINUM EX PLUS","","20","L","20 L","","","Viscosity Grade: SAE 15W-40 | Specification: API CH-4","","PENSOL PLATINUM EX PLUS is a heavy duty diesel engine oil specially formulated from premium base stocks and select performance additives for use in turbocharged & naturally aspired heavy duty diesel engines operating under severe duty conditions. This oil is recommended for diesel engines fitted in HCV, LCV, Passenger Cars and other off-highway applications.","https://pensol.com/PLATINUM_EX_PLUS_COMMERCIAL.html","https://pensol.com/img/platinum_ex_plus_commercial.jpg"
"PLATINUM EX PLUS","Pensol","PENSOL INDUSTRIES LIMITED","Hind Motors","Diesel Engine Oils","PLATINUM EX PLUS","","55","L","55 L","","","Viscosity Grade: SAE 15W-40 | Specification: API CH-4","","PENSOL PLATINUM EX PLUS is a heavy duty diesel engine oil specially formulated from premium base stocks and select performance additives for use in turbocharged & naturally aspired heavy duty diesel engines operating under severe duty conditions. This oil is recommended for diesel engines fitted in HCV, LCV, Passenger Cars and other off-highway applications.","https://pensol.com/PLATINUM_EX_PLUS_COMMERCIAL.html","https://pensol.com/img/platinum_ex_plus_commercial.jpg"
"PLATINUM EX PLUS","Pensol","PENSOL INDUSTRIES LIMITED","Hind Motors","Diesel Engine Oils","PLATINUM EX PLUS","","210","L","210 L","","","Viscosity Grade: SAE 15W-40 | Specification: API CH-4","","PENSOL PLATINUM EX PLUS is a heavy duty diesel engine oil specially formulated from premium base stocks and select performance additives for use in turbocharged & naturally aspired heavy duty diesel engines operating under severe duty conditions. This oil is recommended for diesel engines fitted in HCV, LCV, Passenger Cars and other off-highway applications.","https://pensol.com/PLATINUM_EX_PLUS_COMMERCIAL.html","https://pensol.com/img/platinum_ex_plus_commercial.jpg"
"PLATINUM EX TURBO","Pensol","PENSOL INDUSTRIES LIMITED","Hind Motors","Diesel Engine Oils","PLATINUM EX TURBO","","500","ml","500 ml","","","Viscosity Grade: SAE 15W-40 | Specification: API CF-4","","PENSOL PLATINUM EX TURBO is a high quality diesel engine oil developed from highly refined base stocks and selected additives package to ensure for control & comfort riding in severe operating applications. This oil is recommended for use in HCV/MCV and LCVs, and all other vehicle and equipment where such type of lubricant is recommended.","https://pensol.com/PLATINUM_EX_TURBO_COMMERCIAL.html","https://pensol.com/img/platinum_ex_turbo_commercial.jpg"
"PLATINUM EX TURBO","Pensol","PENSOL INDUSTRIES LIMITED","Hind Motors","Diesel Engine Oils","PLATINUM EX TURBO","","1","L","1 L","","","Viscosity Grade: SAE 15W-40 | Specification: API CF-4","","PENSOL PLATINUM EX TURBO is a high quality diesel engine oil developed from highly refined base stocks and selected additives package to ensure for control & comfort riding in severe operating applications. This oil is recommended for use in HCV/MCV and LCVs, and all other vehicle and equipment where such type of lubricant is recommended.","https://pensol.com/PLATINUM_EX_TURBO_COMMERCIAL.html","https://pensol.com/img/platinum_ex_turbo_commercial.jpg"
"PLATINUM EX TURBO","Pensol","PENSOL INDUSTRIES LIMITED","Hind Motors","Diesel Engine Oils","PLATINUM EX TURBO","","5","L","5 L","","","Viscosity Grade: SAE 15W-40 | Specification: API CF-4","","PENSOL PLATINUM EX TURBO is a high quality diesel engine oil developed from highly refined base stocks and selected additives package to ensure for control & comfort riding in severe operating applications. This oil is recommended for use in HCV/MCV and LCVs, and all other vehicle and equipment where such type of lubricant is recommended.","https://pensol.com/PLATINUM_EX_TURBO_COMMERCIAL.html","https://pensol.com/img/platinum_ex_turbo_commercial.jpg"
"PLATINUM EX TURBO","Pensol","PENSOL INDUSTRIES LIMITED","Hind Motors","Diesel Engine Oils","PLATINUM EX TURBO","","7.5","L","7.5 L","","","Viscosity Grade: SAE 15W-40 | Specification: API CF-4","","PENSOL PLATINUM EX TURBO is a high quality diesel engine oil developed from highly refined base stocks and selected additives package to ensure for control & comfort riding in severe operating applications. This oil is recommended for use in HCV/MCV and LCVs, and all other vehicle and equipment where such type of lubricant is recommended.","https://pensol.com/PLATINUM_EX_TURBO_COMMERCIAL.html","https://pensol.com/img/platinum_ex_turbo_commercial.jpg"
"PLATINUM EX TURBO","Pensol","PENSOL INDUSTRIES LIMITED","Hind Motors","Diesel Engine Oils","PLATINUM EX TURBO","","10","L","10 L","","","Viscosity Grade: SAE 15W-40 | Specification: API CF-4","","PENSOL PLATINUM EX TURBO is a high quality diesel engine oil developed from highly refined base stocks and selected additives package to ensure for control & comfort riding in severe operating applications. This oil is recommended for use in HCV/MCV and LCVs, and all other vehicle and equipment where such type of lubricant is recommended.","https://pensol.com/PLATINUM_EX_TURBO_COMMERCIAL.html","https://pensol.com/img/platinum_ex_turbo_commercial.jpg"
"PLATINUM EX TURBO","Pensol","PENSOL INDUSTRIES LIMITED","Hind Motors","Diesel Engine Oils","PLATINUM EX TURBO","","15","L","15 L","","","Viscosity Grade: SAE 15W-40 | Specification: API CF-4","","PENSOL PLATINUM EX TURBO is a high quality diesel engine oil developed from highly refined base stocks and selected additives package to ensure for control & comfort riding in severe operating applications. This oil is recommended for use in HCV/MCV and LCVs, and all other vehicle and equipment where such type of lubricant is recommended.","https://pensol.com/PLATINUM_EX_TURBO_COMMERCIAL.html","https://pensol.com/img/platinum_ex_turbo_commercial.jpg"
"PLATINUM EX TURBO","Pensol","PENSOL INDUSTRIES LIMITED","Hind Motors","Diesel Engine Oils","PLATINUM EX TURBO","","20","L","20 L","","","Viscosity Grade: SAE 15W-40 | Specification: API CF-4","","PENSOL PLATINUM EX TURBO is a high quality diesel engine oil developed from highly refined base stocks and selected additives package to ensure for control & comfort riding in severe operating applications. This oil is recommended for use in HCV/MCV and LCVs, and all other vehicle and equipment where such type of lubricant is recommended.","https://pensol.com/PLATINUM_EX_TURBO_COMMERCIAL.html","https://pensol.com/img/platinum_ex_turbo_commercial.jpg"
"PLATINUM EX TURBO","Pensol","PENSOL INDUSTRIES LIMITED","Hind Motors","Diesel Engine Oils","PLATINUM EX TURBO","","55","L","55 L","","","Viscosity Grade: SAE 15W-40 | Specification: API CF-4","","PENSOL PLATINUM EX TURBO is a high quality diesel engine oil developed from highly refined base stocks and selected additives package to ensure for control & comfort riding in severe operating applications. This oil is recommended for use in HCV/MCV and LCVs, and all other vehicle and equipment where such type of lubricant is recommended.","https://pensol.com/PLATINUM_EX_TURBO_COMMERCIAL.html","https://pensol.com/img/platinum_ex_turbo_commercial.jpg"
"PLATINUM EX TURBO","Pensol","PENSOL INDUSTRIES LIMITED","Hind Motors","Diesel Engine Oils","PLATINUM EX TURBO","","210","L","210 L","","","Viscosity Grade: SAE 15W-40 | Specification: API CF-4","","PENSOL PLATINUM EX TURBO is a high quality diesel engine oil developed from highly refined base stocks and selected additives package to ensure for control & comfort riding in severe operating applications. This oil is recommended for use in HCV/MCV and LCVs, and all other vehicle and equipment where such type of lubricant is recommended.","https://pensol.com/PLATINUM_EX_TURBO_COMMERCIAL.html","https://pensol.com/img/platinum_ex_turbo_commercial.jpg"
"DIAMOND SUPER PLUS","Pensol","PENSOL INDUSTRIES LIMITED","Hind Motors","Diesel Engine Oils","DIAMOND SUPER PLUS","","1","L","1 L","","","Viscosity Grade: SAE 20W-40 | Specification: API CD","","PENSOL DIAMOND SUPER PLUS is a multi grade diesel engine oil designed to provide excellent protection, especially at high engine temperatures, ensuring longer engine life. This oil is recommended for use in turbo charged and naturally aspirated diesel engine vehicles, and is also suitable for use in tractors and agricultural equipment.","https://pensol.com/DIAMOND_SUPER_PLUS.html","https://pensol.com/img/diamond_super_plus.jpg"
"DIAMOND SUPER PLUS","Pensol","PENSOL INDUSTRIES LIMITED","Hind Motors","Diesel Engine Oils","DIAMOND SUPER PLUS","","3.5","L","3.5 L","","","Viscosity Grade: SAE 20W-40 | Specification: API CD","","PENSOL DIAMOND SUPER PLUS is a multi grade diesel engine oil designed to provide excellent protection, especially at high engine temperatures, ensuring longer engine life. This oil is recommended for use in turbo charged and naturally aspirated diesel engine vehicles, and is also suitable for use in tractors and agricultural equipment.","https://pensol.com/DIAMOND_SUPER_PLUS.html","https://pensol.com/img/diamond_super_plus.jpg"
"DIAMOND SUPER PLUS","Pensol","PENSOL INDUSTRIES LIMITED","Hind Motors","Diesel Engine Oils","DIAMOND SUPER PLUS","","5","L","5 L","","","Viscosity Grade: SAE 20W-40 | Specification: API CD","","PENSOL DIAMOND SUPER PLUS is a multi grade diesel engine oil designed to provide excellent protection, especially at high engine temperatures, ensuring longer engine life. This oil is recommended for use in turbo charged and naturally aspirated diesel engine vehicles, and is also suitable for use in tractors and agricultural equipment.","https://pensol.com/DIAMOND_SUPER_PLUS.html","https://pensol.com/img/diamond_super_plus.jpg"
"DIAMOND SUPER PLUS","Pensol","PENSOL INDUSTRIES LIMITED","Hind Motors","Diesel Engine Oils","DIAMOND SUPER PLUS","","6","L","6 L","","","Viscosity Grade: SAE 20W-40 | Specification: API CD","","PENSOL DIAMOND SUPER PLUS is a multi grade diesel engine oil designed to provide excellent protection, especially at high engine temperatures, ensuring longer engine life. This oil is recommended for use in turbo charged and naturally aspirated diesel engine vehicles, and is also suitable for use in tractors and agricultural equipment.","https://pensol.com/DIAMOND_SUPER_PLUS.html","https://pensol.com/img/diamond_super_plus.jpg"
"DIAMOND SUPER PLUS","Pensol","PENSOL INDUSTRIES LIMITED","Hind Motors","Diesel Engine Oils","DIAMOND SUPER PLUS","","7.5","L","7.5 L","","","Viscosity Grade: SAE 20W-40 | Specification: API CD","","PENSOL DIAMOND SUPER PLUS is a multi grade diesel engine oil designed to provide excellent protection, especially at high engine temperatures, ensuring longer engine life. This oil is recommended for use in turbo charged and naturally aspirated diesel engine vehicles, and is also suitable for use in tractors and agricultural equipment.","https://pensol.com/DIAMOND_SUPER_PLUS.html","https://pensol.com/img/diamond_super_plus.jpg"
"DIAMOND SUPER PLUS","Pensol","PENSOL INDUSTRIES LIMITED","Hind Motors","Diesel Engine Oils","DIAMOND SUPER PLUS","","10","L","10 L","","","Viscosity Grade: SAE 20W-40 | Specification: API CD","","PENSOL DIAMOND SUPER PLUS is a multi grade diesel engine oil designed to provide excellent protection, especially at high engine temperatures, ensuring longer engine life. This oil is recommended for use in turbo charged and naturally aspirated diesel engine vehicles, and is also suitable for use in tractors and agricultural equipment.","https://pensol.com/DIAMOND_SUPER_PLUS.html","https://pensol.com/img/diamond_super_plus.jpg"
"DIAMOND SUPER PLUS","Pensol","PENSOL INDUSTRIES LIMITED","Hind Motors","Diesel Engine Oils","DIAMOND SUPER PLUS","","20","L","20 L","","","Viscosity Grade: SAE 20W-40 | Specification: API CD","","PENSOL DIAMOND SUPER PLUS is a multi grade diesel engine oil designed to provide excellent protection, especially at high engine temperatures, ensuring longer engine life. This oil is recommended for use in turbo charged and naturally aspirated diesel engine vehicles, and is also suitable for use in tractors and agricultural equipment.","https://pensol.com/DIAMOND_SUPER_PLUS.html","https://pensol.com/img/diamond_super_plus.jpg"
"DIAMOND SUPER PLUS","Pensol","PENSOL INDUSTRIES LIMITED","Hind Motors","Diesel Engine Oils","DIAMOND SUPER PLUS","","55","L","55 L","","","Viscosity Grade: SAE 20W-40 | Specification: API CD","","PENSOL DIAMOND SUPER PLUS is a multi grade diesel engine oil designed to provide excellent protection, especially at high engine temperatures, ensuring longer engine life. This oil is recommended for use in turbo charged and naturally aspirated diesel engine vehicles, and is also suitable for use in tractors and agricultural equipment.","https://pensol.com/DIAMOND_SUPER_PLUS.html","https://pensol.com/img/diamond_super_plus.jpg"
"DIAMOND SUPER PLUS","Pensol","PENSOL INDUSTRIES LIMITED","Hind Motors","Diesel Engine Oils","DIAMOND SUPER PLUS","","210","L","210 L","","","Viscosity Grade: SAE 20W-40 | Specification: API CD","","PENSOL DIAMOND SUPER PLUS is a multi grade diesel engine oil designed to provide excellent protection, especially at high engine temperatures, ensuring longer engine life. This oil is recommended for use in turbo charged and naturally aspirated diesel engine vehicles, and is also suitable for use in tractors and agricultural equipment.","https://pensol.com/DIAMOND_SUPER_PLUS.html","https://pensol.com/img/diamond_super_plus.jpg"
"DIAMOND SUPER","Pensol","PENSOL INDUSTRIES LIMITED","Hind Motors","Diesel Engine Oils","DIAMOND SUPER","","500","ml","500 ml","","","Viscosity Grade: SAE 20W-40 | Specification: API CD","","PENSOL DIAMOND SUPER is a multi grade diesel engine oil formulated with an optimised combination of base oils and a balanced additive system. It is designed for naturally aspirated diesel engine vehicles and is also suitable for use in tractors and agricultural equipment.","https://pensol.com/DIAMOND_SUPER_COMMERCIAL.html","https://pensol.com/img/diamond_super.jpg"
"DIAMOND SUPER","Pensol","PENSOL INDUSTRIES LIMITED","Hind Motors","Diesel Engine Oils","DIAMOND SUPER","","1","L","1 L","","","Viscosity Grade: SAE 20W-40 | Specification: API CD","","PENSOL DIAMOND SUPER is a multi grade diesel engine oil formulated with an optimised combination of base oils and a balanced additive system. It is designed for naturally aspirated diesel engine vehicles and is also suitable for use in tractors and agricultural equipment.","https://pensol.com/DIAMOND_SUPER_COMMERCIAL.html","https://pensol.com/img/diamond_super.jpg"
"DIAMOND SUPER","Pensol","PENSOL INDUSTRIES LIMITED","Hind Motors","Diesel Engine Oils","DIAMOND SUPER","","7.5","L","7.5 L","","","Viscosity Grade: SAE 20W-40 | Specification: API CD","","PENSOL DIAMOND SUPER is a multi grade diesel engine oil formulated with an optimised combination of base oils and a balanced additive system. It is designed for naturally aspirated diesel engine vehicles and is also suitable for use in tractors and agricultural equipment.","https://pensol.com/DIAMOND_SUPER_COMMERCIAL.html","https://pensol.com/img/diamond_super.jpg"
"DIAMOND SUPER","Pensol","PENSOL INDUSTRIES LIMITED","Hind Motors","Diesel Engine Oils","DIAMOND SUPER","","10","L","10 L","","","Viscosity Grade: SAE 20W-40 | Specification: API CD","","PENSOL DIAMOND SUPER is a multi grade diesel engine oil formulated with an optimised combination of base oils and a balanced additive system. It is designed for naturally aspirated diesel engine vehicles and is also suitable for use in tractors and agricultural equipment.","https://pensol.com/DIAMOND_SUPER_COMMERCIAL.html","https://pensol.com/img/diamond_super.jpg"
"DIAMOND SUPER","Pensol","PENSOL INDUSTRIES LIMITED","Hind Motors","Diesel Engine Oils","DIAMOND SUPER","","20","L","20 L","","","Viscosity Grade: SAE 20W-40 | Specification: API CD","","PENSOL DIAMOND SUPER is a multi grade diesel engine oil formulated with an optimised combination of base oils and a balanced additive system. It is designed for naturally aspirated diesel engine vehicles and is also suitable for use in tractors and agricultural equipment.","https://pensol.com/DIAMOND_SUPER_COMMERCIAL.html","https://pensol.com/img/diamond_super.jpg"
"DIAMOND SUPER","Pensol","PENSOL INDUSTRIES LIMITED","Hind Motors","Diesel Engine Oils","DIAMOND SUPER","","55","L","55 L","","","Viscosity Grade: SAE 20W-40 | Specification: API CD","","PENSOL DIAMOND SUPER is a multi grade diesel engine oil formulated with an optimised combination of base oils and a balanced additive system. It is designed for naturally aspirated diesel engine vehicles and is also suitable for use in tractors and agricultural equipment.","https://pensol.com/DIAMOND_SUPER_COMMERCIAL.html","https://pensol.com/img/diamond_super.jpg"
"DIAMOND SUPER","Pensol","PENSOL INDUSTRIES LIMITED","Hind Motors","Diesel Engine Oils","DIAMOND SUPER","","210","L","210 L","","","Viscosity Grade: SAE 20W-40 | Specification: API CD","","PENSOL DIAMOND SUPER is a multi grade diesel engine oil formulated with an optimised combination of base oils and a balanced additive system. It is designed for naturally aspirated diesel engine vehicles and is also suitable for use in tractors and agricultural equipment.","https://pensol.com/DIAMOND_SUPER_COMMERCIAL.html","https://pensol.com/img/diamond_super.jpg"
"GEAR DX","Pensol","PENSOL INDUSTRIES LIMITED","Hind Motors","Gear Oils","GEAR DX","","1","L","1 L","","","Viscosity Grade: SAE 85W-140 | Specification: GL-5","","PENSOL GEAR DX is a high performance differential axle oil recommended for transmissions, transaxles or differentials requiring API GL-5 oil. . It can sustain heavy loads under severe operating conditions.","https://pensol.com/GEAR_DX.html","https://pensol.com/img/gear_dx.jpg"
"GEAR DX","Pensol","PENSOL INDUSTRIES LIMITED","Hind Motors","Gear Oils","GEAR DX","","5","L","5 L","","","Viscosity Grade: SAE 85W-140 | Specification: GL-5","","PENSOL GEAR DX is a high performance differential axle oil recommended for transmissions, transaxles or differentials requiring API GL-5 oil. . It can sustain heavy loads under severe operating conditions.","https://pensol.com/GEAR_DX.html","https://pensol.com/img/gear_dx.jpg"
"GEAR DX","Pensol","PENSOL INDUSTRIES LIMITED","Hind Motors","Gear Oils","GEAR DX","","10","L","10 L","","","Viscosity Grade: SAE 85W-140 | Specification: GL-5","","PENSOL GEAR DX is a high performance differential axle oil recommended for transmissions, transaxles or differentials requiring API GL-5 oil. . It can sustain heavy loads under severe operating conditions.","https://pensol.com/GEAR_DX.html","https://pensol.com/img/gear_dx.jpg"
"GEAR DX","Pensol","PENSOL INDUSTRIES LIMITED","Hind Motors","Gear Oils","GEAR DX","","12","L","12 L","","","Viscosity Grade: SAE 85W-140 | Specification: GL-5","","PENSOL GEAR DX is a high performance differential axle oil recommended for transmissions, transaxles or differentials requiring API GL-5 oil. . It can sustain heavy loads under severe operating conditions.","https://pensol.com/GEAR_DX.html","https://pensol.com/img/gear_dx.jpg"
"GEAR DX","Pensol","PENSOL INDUSTRIES LIMITED","Hind Motors","Gear Oils","GEAR DX","","20","L","20 L","","","Viscosity Grade: SAE 85W-140 | Specification: GL-5","","PENSOL GEAR DX is a high performance differential axle oil recommended for transmissions, transaxles or differentials requiring API GL-5 oil. . It can sustain heavy loads under severe operating conditions.","https://pensol.com/GEAR_DX.html","https://pensol.com/img/gear_dx.jpg"
"GEAR DX","Pensol","PENSOL INDUSTRIES LIMITED","Hind Motors","Gear Oils","GEAR DX","","55","L","55 L","","","Viscosity Grade: SAE 85W-140 | Specification: GL-5","","PENSOL GEAR DX is a high performance differential axle oil recommended for transmissions, transaxles or differentials requiring API GL-5 oil. . It can sustain heavy loads under severe operating conditions.","https://pensol.com/GEAR_DX.html","https://pensol.com/img/gear_dx.jpg"
"GEAR DX","Pensol","PENSOL INDUSTRIES LIMITED","Hind Motors","Gear Oils","GEAR DX","","210","L","210 L","","","Viscosity Grade: SAE 85W-140 | Specification: GL-5","","PENSOL GEAR DX is a high performance differential axle oil recommended for transmissions, transaxles or differentials requiring API GL-5 oil. . It can sustain heavy loads under severe operating conditions.","https://pensol.com/GEAR_DX.html","https://pensol.com/img/gear_dx.jpg"
"POWERTRANS WBF","Pensol","PENSOL INDUSTRIES LIMITED","Hind Motors","Gear Oils","POWERTRANS WBF","","5","L","5 L","","","Viscosity Grade: SAE 80W | Specification: GL-4","","PENSOL POWERTRANS WBF is a high performance transmission and hydraulic fluid for use in tractors and off-road construction and mining equipment.","https://pensol.com/POWERTRANS_WBF.html","https://pensol.com/img/powertrans_wbf.jpg"
"POWERTRANS WBF","Pensol","PENSOL INDUSTRIES LIMITED","Hind Motors","Gear Oils","POWERTRANS WBF","","20","L","20 L","","","Viscosity Grade: SAE 80W | Specification: GL-4","","PENSOL POWERTRANS WBF is a high performance transmission and hydraulic fluid for use in tractors and off-road construction and mining equipment.","https://pensol.com/POWERTRANS_WBF.html","https://pensol.com/img/powertrans_wbf.jpg"
"POWERTRANS WBF","Pensol","PENSOL INDUSTRIES LIMITED","Hind Motors","Gear Oils","POWERTRANS WBF","","55","L","55 L","","","Viscosity Grade: SAE 80W | Specification: GL-4","","PENSOL POWERTRANS WBF is a high performance transmission and hydraulic fluid for use in tractors and off-road construction and mining equipment.","https://pensol.com/POWERTRANS_WBF.html","https://pensol.com/img/powertrans_wbf.jpg"
"POWERTRANS WBF","Pensol","PENSOL INDUSTRIES LIMITED","Hind Motors","Gear Oils","POWERTRANS WBF","","210","L","210 L","","","Viscosity Grade: SAE 80W | Specification: GL-4","","PENSOL POWERTRANS WBF is a high performance transmission and hydraulic fluid for use in tractors and off-road construction and mining equipment.","https://pensol.com/POWERTRANS_WBF.html","https://pensol.com/img/powertrans_wbf.jpg"
"TQX","Pensol","PENSOL INDUSTRIES LIMITED","Hind Motors","Gear Oils","TQX","","500","ml","500 ml","","","Viscosity Grade: TASA","","PENSOL TQX is high performance automatic transmission fluid developed for automatic transmissions and power steering systems of vehicles requiring TYPE A SUFFIX A quality fluids.","https://pensol.com/TQX.html","https://pensol.com/img/tqx.jpg"
"TQX","Pensol","PENSOL INDUSTRIES LIMITED","Hind Motors","Gear Oils","TQX","","1","L","1 L","","","Viscosity Grade: TASA","","PENSOL TQX is high performance automatic transmission fluid developed for automatic transmissions and power steering systems of vehicles requiring TYPE A SUFFIX A quality fluids.","https://pensol.com/TQX.html","https://pensol.com/img/tqx.jpg"
"TQX","Pensol","PENSOL INDUSTRIES LIMITED","Hind Motors","Gear Oils","TQX","","5","L","5 L","","","Viscosity Grade: TASA","","PENSOL TQX is high performance automatic transmission fluid developed for automatic transmissions and power steering systems of vehicles requiring TYPE A SUFFIX A quality fluids.","https://pensol.com/TQX.html","https://pensol.com/img/tqx.jpg"
"TQX","Pensol","PENSOL INDUSTRIES LIMITED","Hind Motors","Gear Oils","TQX","","15","L","15 L","","","Viscosity Grade: TASA","","PENSOL TQX is high performance automatic transmission fluid developed for automatic transmissions and power steering systems of vehicles requiring TYPE A SUFFIX A quality fluids.","https://pensol.com/TQX.html","https://pensol.com/img/tqx.jpg"
"TQX","Pensol","PENSOL INDUSTRIES LIMITED","Hind Motors","Gear Oils","TQX","","20","L","20 L","","","Viscosity Grade: TASA","","PENSOL TQX is high performance automatic transmission fluid developed for automatic transmissions and power steering systems of vehicles requiring TYPE A SUFFIX A quality fluids.","https://pensol.com/TQX.html","https://pensol.com/img/tqx.jpg"
"TQX","Pensol","PENSOL INDUSTRIES LIMITED","Hind Motors","Gear Oils","TQX","","55","L","55 L","","","Viscosity Grade: TASA","","PENSOL TQX is high performance automatic transmission fluid developed for automatic transmissions and power steering systems of vehicles requiring TYPE A SUFFIX A quality fluids.","https://pensol.com/TQX.html","https://pensol.com/img/tqx.jpg"
"TQX","Pensol","PENSOL INDUSTRIES LIMITED","Hind Motors","Gear Oils","TQX","","210","L","210 L","","","Viscosity Grade: TASA","","PENSOL TQX is high performance automatic transmission fluid developed for automatic transmissions and power steering systems of vehicles requiring TYPE A SUFFIX A quality fluids.","https://pensol.com/TQX.html","https://pensol.com/img/tqx.jpg"
"GEAR TX","Pensol","PENSOL INDUSTRIES LIMITED","Hind Motors","Gear Oils","GEAR TX","","1","L","1 L","","","Viscosity Grade: SAE 80W-90 | Specification: GL-4","","PENSOL GEAR TX is a high performance manual gear oil designed to provide effective lubrication in new generation synchromesh / constant mesh gear boxes and steering gears.","https://pensol.com/GEAR_TX.html","https://pensol.com/img/gear_tx.jpg"
"GEAR TX","Pensol","PENSOL INDUSTRIES LIMITED","Hind Motors","Gear Oils","GEAR TX","","5","L","5 L","","","Viscosity Grade: SAE 80W-90 | Specification: GL-4","","PENSOL GEAR TX is a high performance manual gear oil designed to provide effective lubrication in new generation synchromesh / constant mesh gear boxes and steering gears.","https://pensol.com/GEAR_TX.html","https://pensol.com/img/gear_tx.jpg"
"GEAR TX","Pensol","PENSOL INDUSTRIES LIMITED","Hind Motors","Gear Oils","GEAR TX","","7","L","7 L","","","Viscosity Grade: SAE 80W-90 | Specification: GL-4","","PENSOL GEAR TX is a high performance manual gear oil designed to provide effective lubrication in new generation synchromesh / constant mesh gear boxes and steering gears.","https://pensol.com/GEAR_TX.html","https://pensol.com/img/gear_tx.jpg"
"GEAR TX","Pensol","PENSOL INDUSTRIES LIMITED","Hind Motors","Gear Oils","GEAR TX","","20","L","20 L","","","Viscosity Grade: SAE 80W-90 | Specification: GL-4","","PENSOL GEAR TX is a high performance manual gear oil designed to provide effective lubrication in new generation synchromesh / constant mesh gear boxes and steering gears.","https://pensol.com/GEAR_TX.html","https://pensol.com/img/gear_tx.jpg"
"GEAR TX","Pensol","PENSOL INDUSTRIES LIMITED","Hind Motors","Gear Oils","GEAR TX","","55","L","55 L","","","Viscosity Grade: SAE 80W-90 | Specification: GL-4","","PENSOL GEAR TX is a high performance manual gear oil designed to provide effective lubrication in new generation synchromesh / constant mesh gear boxes and steering gears.","https://pensol.com/GEAR_TX.html","https://pensol.com/img/gear_tx.jpg"
"GEAR TX","Pensol","PENSOL INDUSTRIES LIMITED","Hind Motors","Gear Oils","GEAR TX","","210","L","210 L","","","Viscosity Grade: SAE 80W-90 | Specification: GL-4","","PENSOL GEAR TX is a high performance manual gear oil designed to provide effective lubrication in new generation synchromesh / constant mesh gear boxes and steering gears.","https://pensol.com/GEAR_TX.html","https://pensol.com/img/gear_tx.jpg"
"GEAR SYNTH","Pensol","PENSOL INDUSTRIES LIMITED","Hind Motors","Gear Oils","GEAR SYNTH","","1","L","1 L","","","Viscosity Grade: SAE 75W-90 | Specification: GL-5","","PENSOL GEAR SYNTH is a high performance synthetic gear oil designed to provide superior protection at both high and low operating temperatures where conventional mineral oil prove unsatisfactory. Recommended for transmission of modern cars.","https://pensol.com/GEAR_SYNTH.html","https://pensol.com/img/gear_synth.jpg"
"GEAR SYNTH","Pensol","PENSOL INDUSTRIES LIMITED","Hind Motors","Gear Oils","GEAR SYNTH","","2.5","L","2.5 L","","","Viscosity Grade: SAE 75W-90 | Specification: GL-5","","PENSOL GEAR SYNTH is a high performance synthetic gear oil designed to provide superior protection at both high and low operating temperatures where conventional mineral oil prove unsatisfactory. Recommended for transmission of modern cars.","https://pensol.com/GEAR_SYNTH.html","https://pensol.com/img/gear_synth.jpg"
"GEAR SYNTH","Pensol","PENSOL INDUSTRIES LIMITED","Hind Motors","Gear Oils","GEAR SYNTH","","55","L","55 L","","","Viscosity Grade: SAE 75W-90 | Specification: GL-5","","PENSOL GEAR SYNTH is a high performance synthetic gear oil designed to provide superior protection at both high and low operating temperatures where conventional mineral oil prove unsatisfactory. Recommended for transmission of modern cars.","https://pensol.com/GEAR_SYNTH.html","https://pensol.com/img/gear_synth.jpg"
"GEAR SYNTH","Pensol","PENSOL INDUSTRIES LIMITED","Hind Motors","Gear Oils","GEAR SYNTH","","210","L","210 L","","","Viscosity Grade: SAE 75W-90 | Specification: GL-5","","PENSOL GEAR SYNTH is a high performance synthetic gear oil designed to provide superior protection at both high and low operating temperatures where conventional mineral oil prove unsatisfactory. Recommended for transmission of modern cars.","https://pensol.com/GEAR_SYNTH.html","https://pensol.com/img/gear_synth.jpg"
"GEAR REGULAR 140","Pensol","PENSOL INDUSTRIES LIMITED","Hind Motors","Gear Oils","GEAR REGULAR 140","","500","ml","500 ml","","","Viscosity Grade: EP 140 | Specification: GL-4","","PENSOL GEAR REGULAR 140 is automotive gear oil designed to provide lubrication in wide range of automotive transmissions and axle drives where GL-4 quality oils are specified.","https://pensol.com/GEAR_REGULAR_140.html","https://pensol.com/img/gear_regular_140.jpg"
"GEAR REGULAR 140","Pensol","PENSOL INDUSTRIES LIMITED","Hind Motors","Gear Oils","GEAR REGULAR 140","","1","L","1 L","","","Viscosity Grade: EP 140 | Specification: GL-4","","PENSOL GEAR REGULAR 140 is automotive gear oil designed to provide lubrication in wide range of automotive transmissions and axle drives where GL-4 quality oils are specified.","https://pensol.com/GEAR_REGULAR_140.html","https://pensol.com/img/gear_regular_140.jpg"
"GEAR REGULAR 140","Pensol","PENSOL INDUSTRIES LIMITED","Hind Motors","Gear Oils","GEAR REGULAR 140","","5","L","5 L","","","Viscosity Grade: EP 140 | Specification: GL-4","","PENSOL GEAR REGULAR 140 is automotive gear oil designed to provide lubrication in wide range of automotive transmissions and axle drives where GL-4 quality oils are specified.","https://pensol.com/GEAR_REGULAR_140.html","https://pensol.com/img/gear_regular_140.jpg"
"GEAR REGULAR 140","Pensol","PENSOL INDUSTRIES LIMITED","Hind Motors","Gear Oils","GEAR REGULAR 140","","10","L","10 L","","","Viscosity Grade: EP 140 | Specification: GL-4","","PENSOL GEAR REGULAR 140 is automotive gear oil designed to provide lubrication in wide range of automotive transmissions and axle drives where GL-4 quality oils are specified.","https://pensol.com/GEAR_REGULAR_140.html","https://pensol.com/img/gear_regular_140.jpg"
"GEAR REGULAR 140","Pensol","PENSOL INDUSTRIES LIMITED","Hind Motors","Gear Oils","GEAR REGULAR 140","","20","L","20 L","","","Viscosity Grade: EP 140 | Specification: GL-4","","PENSOL GEAR REGULAR 140 is automotive gear oil designed to provide lubrication in wide range of automotive transmissions and axle drives where GL-4 quality oils are specified.","https://pensol.com/GEAR_REGULAR_140.html","https://pensol.com/img/gear_regular_140.jpg"
"GEAR REGULAR 140","Pensol","PENSOL INDUSTRIES LIMITED","Hind Motors","Gear Oils","GEAR REGULAR 140","","26","L","26 L","","","Viscosity Grade: EP 140 | Specification: GL-4","","PENSOL GEAR REGULAR 140 is automotive gear oil designed to provide lubrication in wide range of automotive transmissions and axle drives where GL-4 quality oils are specified.","https://pensol.com/GEAR_REGULAR_140.html","https://pensol.com/img/gear_regular_140.jpg"
"GEAR REGULAR 140","Pensol","PENSOL INDUSTRIES LIMITED","Hind Motors","Gear Oils","GEAR REGULAR 140","","55","L","55 L","","","Viscosity Grade: EP 140 | Specification: GL-4","","PENSOL GEAR REGULAR 140 is automotive gear oil designed to provide lubrication in wide range of automotive transmissions and axle drives where GL-4 quality oils are specified.","https://pensol.com/GEAR_REGULAR_140.html","https://pensol.com/img/gear_regular_140.jpg"
"GEAR REGULAR 140","Pensol","PENSOL INDUSTRIES LIMITED","Hind Motors","Gear Oils","GEAR REGULAR 140","","210","L","210 L","","","Viscosity Grade: EP 140 | Specification: GL-4","","PENSOL GEAR REGULAR 140 is automotive gear oil designed to provide lubrication in wide range of automotive transmissions and axle drives where GL-4 quality oils are specified.","https://pensol.com/GEAR_REGULAR_140.html","https://pensol.com/img/gear_regular_140.jpg"
"GEAR REGULAR 90","Pensol","PENSOL INDUSTRIES LIMITED","Hind Motors","Gear Oils","GEAR REGULAR 90","","500","ml","500 ml","","","Viscosity Grade: EP 90 | Specification: GL-4","","PENSOL GEAR REGULAR 90 is automotive gear oil designed to provide lubrication in wide range of automotive transmissions and axle drives where GL-4 quality oils are specified.","https://pensol.com/GEAR_REGULAR_90.html","https://pensol.com/img/gear_regular_90.jpg"
"GEAR REGULAR 90","Pensol","PENSOL INDUSTRIES LIMITED","Hind Motors","Gear Oils","GEAR REGULAR 90","","1","L","1 L","","","Viscosity Grade: EP 90 | Specification: GL-4","","PENSOL GEAR REGULAR 90 is automotive gear oil designed to provide lubrication in wide range of automotive transmissions and axle drives where GL-4 quality oils are specified.","https://pensol.com/GEAR_REGULAR_90.html","https://pensol.com/img/gear_regular_90.jpg"
"GEAR REGULAR 90","Pensol","PENSOL INDUSTRIES LIMITED","Hind Motors","Gear Oils","GEAR REGULAR 90","","5","L","5 L","","","Viscosity Grade: EP 90 | Specification: GL-4","","PENSOL GEAR REGULAR 90 is automotive gear oil designed to provide lubrication in wide range of automotive transmissions and axle drives where GL-4 quality oils are specified.","https://pensol.com/GEAR_REGULAR_90.html","https://pensol.com/img/gear_regular_90.jpg"
"GEAR REGULAR 90","Pensol","PENSOL INDUSTRIES LIMITED","Hind Motors","Gear Oils","GEAR REGULAR 90","","10","L","10 L","","","Viscosity Grade: EP 90 | Specification: GL-4","","PENSOL GEAR REGULAR 90 is automotive gear oil designed to provide lubrication in wide range of automotive transmissions and axle drives where GL-4 quality oils are specified.","https://pensol.com/GEAR_REGULAR_90.html","https://pensol.com/img/gear_regular_90.jpg"
"GEAR REGULAR 90","Pensol","PENSOL INDUSTRIES LIMITED","Hind Motors","Gear Oils","GEAR REGULAR 90","","20","L","20 L","","","Viscosity Grade: EP 90 | Specification: GL-4","","PENSOL GEAR REGULAR 90 is automotive gear oil designed to provide lubrication in wide range of automotive transmissions and axle drives where GL-4 quality oils are specified.","https://pensol.com/GEAR_REGULAR_90.html","https://pensol.com/img/gear_regular_90.jpg"
"GEAR REGULAR 90","Pensol","PENSOL INDUSTRIES LIMITED","Hind Motors","Gear Oils","GEAR REGULAR 90","","26","L","26 L","","","Viscosity Grade: EP 90 | Specification: GL-4","","PENSOL GEAR REGULAR 90 is automotive gear oil designed to provide lubrication in wide range of automotive transmissions and axle drives where GL-4 quality oils are specified.","https://pensol.com/GEAR_REGULAR_90.html","https://pensol.com/img/gear_regular_90.jpg"
"GEAR REGULAR 90","Pensol","PENSOL INDUSTRIES LIMITED","Hind Motors","Gear Oils","GEAR REGULAR 90","","55","L","55 L","","","Viscosity Grade: EP 90 | Specification: GL-4","","PENSOL GEAR REGULAR 90 is automotive gear oil designed to provide lubrication in wide range of automotive transmissions and axle drives where GL-4 quality oils are specified.","https://pensol.com/GEAR_REGULAR_90.html","https://pensol.com/img/gear_regular_90.jpg"
"GEAR REGULAR 90","Pensol","PENSOL INDUSTRIES LIMITED","Hind Motors","Gear Oils","GEAR REGULAR 90","","210","L","210 L","","","Viscosity Grade: EP 90 | Specification: GL-4","","PENSOL GEAR REGULAR 90 is automotive gear oil designed to provide lubrication in wide range of automotive transmissions and axle drives where GL-4 quality oils are specified.","https://pensol.com/GEAR_REGULAR_90.html","https://pensol.com/img/gear_regular_90.jpg"
"CNG GOLD PLUS","Pensol","PENSOL INDUSTRIES LIMITED","Hind Motors","CNG Engine Oils","CNG GOLD PLUS","","2","L","2 L","","","Viscosity Grade: SAE 20W-50 | Specification: API SN","","PENSOL CNG GOLD PLUS is a synthetic technology engine oil specially developed for engines in new generation auto rickshaws running on environment friendly CNG and LPG fuels. This oil has a been blended with a special additive which provides excellent protection to engines against wear, deposits and provides outstanding engine cleanliness.","https://pensol.com/CNG_GOLD_PLUS.html","https://pensol.com/img/cng_gold_plus.jpg"
"CNG GOLD PLUS","Pensol","PENSOL INDUSTRIES LIMITED","Hind Motors","CNG Engine Oils","CNG GOLD PLUS","","55","L","55 L","","","Viscosity Grade: SAE 20W-50 | Specification: API SN","","PENSOL CNG GOLD PLUS is a synthetic technology engine oil specially developed for engines in new generation auto rickshaws running on environment friendly CNG and LPG fuels. This oil has a been blended with a special additive which provides excellent protection to engines against wear, deposits and provides outstanding engine cleanliness.","https://pensol.com/CNG_GOLD_PLUS.html","https://pensol.com/img/cng_gold_plus.jpg"
"CNG GOLD PLUS","Pensol","PENSOL INDUSTRIES LIMITED","Hind Motors","CNG Engine Oils","CNG GOLD PLUS","","210","L","210 L","","","Viscosity Grade: SAE 20W-50 | Specification: API SN","","PENSOL CNG GOLD PLUS is a synthetic technology engine oil specially developed for engines in new generation auto rickshaws running on environment friendly CNG and LPG fuels. This oil has a been blended with a special additive which provides excellent protection to engines against wear, deposits and provides outstanding engine cleanliness.","https://pensol.com/CNG_GOLD_PLUS.html","https://pensol.com/img/cng_gold_plus.jpg"
"CNG GOLD","Pensol","PENSOL INDUSTRIES LIMITED","Hind Motors","CNG Engine Oils","CNG GOLD","","500","ml","500 ml","","","Viscosity Grade: SAE 20W-50 | Specification: API SL","","PENSOL CNG GOLD is specially developed for engines in buses, taxis, cars and auto rickshaws running on environment friendly CNG and LPG fuels. This oil has a unique formulation containing additives such as detergent dispersant, anti-wear, anti-rust and anti-oxidation ensures complete engine protection.","https://pensol.com/CNG_GOLD.html","https://pensol.com/img/cng_gold.jpg"
"CNG GOLD","Pensol","PENSOL INDUSTRIES LIMITED","Hind Motors","CNG Engine Oils","CNG GOLD","","1","L","1 L","","","Viscosity Grade: SAE 20W-50 | Specification: API SL","","PENSOL CNG GOLD is specially developed for engines in buses, taxis, cars and auto rickshaws running on environment friendly CNG and LPG fuels. This oil has a unique formulation containing additives such as detergent dispersant, anti-wear, anti-rust and anti-oxidation ensures complete engine protection.","https://pensol.com/CNG_GOLD.html","https://pensol.com/img/cng_gold.jpg"
"CNG GOLD","Pensol","PENSOL INDUSTRIES LIMITED","Hind Motors","CNG Engine Oils","CNG GOLD","","1.2","L","1.2 L","","","Viscosity Grade: SAE 20W-50 | Specification: API SL","","PENSOL CNG GOLD is specially developed for engines in buses, taxis, cars and auto rickshaws running on environment friendly CNG and LPG fuels. This oil has a unique formulation containing additives such as detergent dispersant, anti-wear, anti-rust and anti-oxidation ensures complete engine protection.","https://pensol.com/CNG_GOLD.html","https://pensol.com/img/cng_gold.jpg"
"CNG GOLD","Pensol","PENSOL INDUSTRIES LIMITED","Hind Motors","CNG Engine Oils","CNG GOLD","","3","L","3 L","","","Viscosity Grade: SAE 20W-50 | Specification: API SL","","PENSOL CNG GOLD is specially developed for engines in buses, taxis, cars and auto rickshaws running on environment friendly CNG and LPG fuels. This oil has a unique formulation containing additives such as detergent dispersant, anti-wear, anti-rust and anti-oxidation ensures complete engine protection.","https://pensol.com/CNG_GOLD.html","https://pensol.com/img/cng_gold.jpg"
"CNG GOLD","Pensol","PENSOL INDUSTRIES LIMITED","Hind Motors","CNG Engine Oils","CNG GOLD","","5","L","5 L","","","Viscosity Grade: SAE 20W-50 | Specification: API SL","","PENSOL CNG GOLD is specially developed for engines in buses, taxis, cars and auto rickshaws running on environment friendly CNG and LPG fuels. This oil has a unique formulation containing additives such as detergent dispersant, anti-wear, anti-rust and anti-oxidation ensures complete engine protection.","https://pensol.com/CNG_GOLD.html","https://pensol.com/img/cng_gold.jpg"
"CNG GOLD","Pensol","PENSOL INDUSTRIES LIMITED","Hind Motors","CNG Engine Oils","CNG GOLD","","20","L","20 L","","","Viscosity Grade: SAE 20W-50 | Specification: API SL","","PENSOL CNG GOLD is specially developed for engines in buses, taxis, cars and auto rickshaws running on environment friendly CNG and LPG fuels. This oil has a unique formulation containing additives such as detergent dispersant, anti-wear, anti-rust and anti-oxidation ensures complete engine protection.","https://pensol.com/CNG_GOLD.html","https://pensol.com/img/cng_gold.jpg"
"CNG GOLD","Pensol","PENSOL INDUSTRIES LIMITED","Hind Motors","CNG Engine Oils","CNG GOLD","","55","L","55 L","","","Viscosity Grade: SAE 20W-50 | Specification: API SL","","PENSOL CNG GOLD is specially developed for engines in buses, taxis, cars and auto rickshaws running on environment friendly CNG and LPG fuels. This oil has a unique formulation containing additives such as detergent dispersant, anti-wear, anti-rust and anti-oxidation ensures complete engine protection.","https://pensol.com/CNG_GOLD.html","https://pensol.com/img/cng_gold.jpg"
"CNG GOLD","Pensol","PENSOL INDUSTRIES LIMITED","Hind Motors","CNG Engine Oils","CNG GOLD","","210","L","210 L","","","Viscosity Grade: SAE 20W-50 | Specification: API SL","","PENSOL CNG GOLD is specially developed for engines in buses, taxis, cars and auto rickshaws running on environment friendly CNG and LPG fuels. This oil has a unique formulation containing additives such as detergent dispersant, anti-wear, anti-rust and anti-oxidation ensures complete engine protection.","https://pensol.com/CNG_GOLD.html","https://pensol.com/img/cng_gold.jpg"
"AGRI - 1","Pensol","PENSOL INDUSTRIES LIMITED","Hind Motors","Agriculture & Tractor Oils","AGRI - 1","","3.5","L","3.5 L","","","","","PENSOL AGRI-1 is a is specially formulated engine oil for all kind of agricultural diesel pump sets. This oil is blended from highly refined base stocks and performance additives, and offers excellent protection of engine components.","https://pensol.com/AGRI_1.html","https://pensol.com/img/agri_1.jpg"
"AGRI - 1","Pensol","PENSOL INDUSTRIES LIMITED","Hind Motors","Agriculture & Tractor Oils","AGRI - 1","","10","L","10 L","","","","","PENSOL AGRI-1 is a is specially formulated engine oil for all kind of agricultural diesel pump sets. This oil is blended from highly refined base stocks and performance additives, and offers excellent protection of engine components.","https://pensol.com/AGRI_1.html","https://pensol.com/img/agri_1.jpg"
"AGRI - 1","Pensol","PENSOL INDUSTRIES LIMITED","Hind Motors","Agriculture & Tractor Oils","AGRI - 1","","55","L","55 L","","","","","PENSOL AGRI-1 is a is specially formulated engine oil for all kind of agricultural diesel pump sets. This oil is blended from highly refined base stocks and performance additives, and offers excellent protection of engine components.","https://pensol.com/AGRI_1.html","https://pensol.com/img/agri_1.jpg"
"AGRI - 1","Pensol","PENSOL INDUSTRIES LIMITED","Hind Motors","Agriculture & Tractor Oils","AGRI - 1","","210","L","210 L","","","","","PENSOL AGRI-1 is a is specially formulated engine oil for all kind of agricultural diesel pump sets. This oil is blended from highly refined base stocks and performance additives, and offers excellent protection of engine components.","https://pensol.com/AGRI_1.html","https://pensol.com/img/agri_1.jpg"
"TSO","Pensol","PENSOL INDUSTRIES LIMITED","Hind Motors","Agriculture & Tractor Oils","TSO","","7.5","L","7.5 L","","","Viscosity Grade: SAE 15W-40 | Specification: API CH-4","","PENSOL TSO is high quality diesel engine oil specially developed for use in farm tractors. This oil has new advanced formulation with WDH technology (Less Wear / Deposit / Heat Resistant).","https://pensol.com/TSO.html","https://pensol.com/img/tso.jpg"
"TSO","Pensol","PENSOL INDUSTRIES LIMITED","Hind Motors","Agriculture & Tractor Oils","TSO","","8.5","L","8.5 L","","","Viscosity Grade: SAE 15W-40 | Specification: API CH-4","","PENSOL TSO is high quality diesel engine oil specially developed for use in farm tractors. This oil has new advanced formulation with WDH technology (Less Wear / Deposit / Heat Resistant).","https://pensol.com/TSO.html","https://pensol.com/img/tso.jpg"
"TSO","Pensol","PENSOL INDUSTRIES LIMITED","Hind Motors","Agriculture & Tractor Oils","TSO","","10","L","10 L","","","Viscosity Grade: SAE 15W-40 | Specification: API CH-4","","PENSOL TSO is high quality diesel engine oil specially developed for use in farm tractors. This oil has new advanced formulation with WDH technology (Less Wear / Deposit / Heat Resistant).","https://pensol.com/TSO.html","https://pensol.com/img/tso.jpg"
"TSO","Pensol","PENSOL INDUSTRIES LIMITED","Hind Motors","Agriculture & Tractor Oils","TSO","","55","L","55 L","","","Viscosity Grade: SAE 15W-40 | Specification: API CH-4","","PENSOL TSO is high quality diesel engine oil specially developed for use in farm tractors. This oil has new advanced formulation with WDH technology (Less Wear / Deposit / Heat Resistant).","https://pensol.com/TSO.html","https://pensol.com/img/tso.jpg"
"TSO","Pensol","PENSOL INDUSTRIES LIMITED","Hind Motors","Agriculture & Tractor Oils","TSO","","210","L","210 L","","","Viscosity Grade: SAE 15W-40 | Specification: API CH-4","","PENSOL TSO is high quality diesel engine oil specially developed for use in farm tractors. This oil has new advanced formulation with WDH technology (Less Wear / Deposit / Heat Resistant).","https://pensol.com/TSO.html","https://pensol.com/img/tso.jpg"
"AP-LR 135000 ®","Pensol","PENSOL INDUSTRIES LIMITED","Hind Motors","Greases","AP-LR 135000 ®","","500","g","500 g","","","","","PENSOL AP-LR 135000 is a premium quality, super smooth, transparent look, and extra long life lubricating grease. It is developed from slected base oil, special lithium semi-complex thickener technology and advance additives package. It gives optimum mechanical & thermal stability that ensures best suitability for wheel bearings of passenger cars, farm equipments, off and on-highway commercial vehicles and new generation multi-axle trucks for long haul service.","https://pensol.com/AP-LR_135000.html","https://pensol.com/img/ap_lr_135000.jpg"
"AP-LR 135000 ®","Pensol","PENSOL INDUSTRIES LIMITED","Hind Motors","Greases","AP-LR 135000 ®","","1","KG","1 KG","","","","","PENSOL AP-LR 135000 is a premium quality, super smooth, transparent look, and extra long life lubricating grease. It is developed from slected base oil, special lithium semi-complex thickener technology and advance additives package. It gives optimum mechanical & thermal stability that ensures best suitability for wheel bearings of passenger cars, farm equipments, off and on-highway commercial vehicles and new generation multi-axle trucks for long haul service.","https://pensol.com/AP-LR_135000.html","https://pensol.com/img/ap_lr_135000.jpg"
"AP-LR 135000 ®","Pensol","PENSOL INDUSTRIES LIMITED","Hind Motors","Greases","AP-LR 135000 ®","","2","KG","2 KG","","","","","PENSOL AP-LR 135000 is a premium quality, super smooth, transparent look, and extra long life lubricating grease. It is developed from slected base oil, special lithium semi-complex thickener technology and advance additives package. It gives optimum mechanical & thermal stability that ensures best suitability for wheel bearings of passenger cars, farm equipments, off and on-highway commercial vehicles and new generation multi-axle trucks for long haul service.","https://pensol.com/AP-LR_135000.html","https://pensol.com/img/ap_lr_135000.jpg"
"AP-LR 135000 ®","Pensol","PENSOL INDUSTRIES LIMITED","Hind Motors","Greases","AP-LR 135000 ®","","3","KG","3 KG","","","","","PENSOL AP-LR 135000 is a premium quality, super smooth, transparent look, and extra long life lubricating grease. It is developed from slected base oil, special lithium semi-complex thickener technology and advance additives package. It gives optimum mechanical & thermal stability that ensures best suitability for wheel bearings of passenger cars, farm equipments, off and on-highway commercial vehicles and new generation multi-axle trucks for long haul service.","https://pensol.com/AP-LR_135000.html","https://pensol.com/img/ap_lr_135000.jpg"
"AP-LR 135000 ®","Pensol","PENSOL INDUSTRIES LIMITED","Hind Motors","Greases","AP-LR 135000 ®","","5","KG","5 KG","","","","","PENSOL AP-LR 135000 is a premium quality, super smooth, transparent look, and extra long life lubricating grease. It is developed from slected base oil, special lithium semi-complex thickener technology and advance additives package. It gives optimum mechanical & thermal stability that ensures best suitability for wheel bearings of passenger cars, farm equipments, off and on-highway commercial vehicles and new generation multi-axle trucks for long haul service.","https://pensol.com/AP-LR_135000.html","https://pensol.com/img/ap_lr_135000.jpg"
"AP-LR 135000 ®","Pensol","PENSOL INDUSTRIES LIMITED","Hind Motors","Greases","AP-LR 135000 ®","","7","KG","7 KG","","","","","PENSOL AP-LR 135000 is a premium quality, super smooth, transparent look, and extra long life lubricating grease. It is developed from slected base oil, special lithium semi-complex thickener technology and advance additives package. It gives optimum mechanical & thermal stability that ensures best suitability for wheel bearings of passenger cars, farm equipments, off and on-highway commercial vehicles and new generation multi-axle trucks for long haul service.","https://pensol.com/AP-LR_135000.html","https://pensol.com/img/ap_lr_135000.jpg"
"AP-LR 135000 ®","Pensol","PENSOL INDUSTRIES LIMITED","Hind Motors","Greases","AP-LR 135000 ®","","10","KG","10 KG","","","","","PENSOL AP-LR 135000 is a premium quality, super smooth, transparent look, and extra long life lubricating grease. It is developed from slected base oil, special lithium semi-complex thickener technology and advance additives package. It gives optimum mechanical & thermal stability that ensures best suitability for wheel bearings of passenger cars, farm equipments, off and on-highway commercial vehicles and new generation multi-axle trucks for long haul service.","https://pensol.com/AP-LR_135000.html","https://pensol.com/img/ap_lr_135000.jpg"
"AP-LR 135000 ®","Pensol","PENSOL INDUSTRIES LIMITED","Hind Motors","Greases","AP-LR 135000 ®","","18","KG","18 KG","","","","","PENSOL AP-LR 135000 is a premium quality, super smooth, transparent look, and extra long life lubricating grease. It is developed from slected base oil, special lithium semi-complex thickener technology and advance additives package. It gives optimum mechanical & thermal stability that ensures best suitability for wheel bearings of passenger cars, farm equipments, off and on-highway commercial vehicles and new generation multi-axle trucks for long haul service.","https://pensol.com/AP-LR_135000.html","https://pensol.com/img/ap_lr_135000.jpg"
"AP-LR 135000 ®","Pensol","PENSOL INDUSTRIES LIMITED","Hind Motors","Greases","AP-LR 135000 ®","","50","KG","50 KG","","","","","PENSOL AP-LR 135000 is a premium quality, super smooth, transparent look, and extra long life lubricating grease. It is developed from slected base oil, special lithium semi-complex thickener technology and advance additives package. It gives optimum mechanical & thermal stability that ensures best suitability for wheel bearings of passenger cars, farm equipments, off and on-highway commercial vehicles and new generation multi-axle trucks for long haul service.","https://pensol.com/AP-LR_135000.html","https://pensol.com/img/ap_lr_135000.jpg"
"AP-LR 135000 ®","Pensol","PENSOL INDUSTRIES LIMITED","Hind Motors","Greases","AP-LR 135000 ®","","180","KG","180 KG","","","","","PENSOL AP-LR 135000 is a premium quality, super smooth, transparent look, and extra long life lubricating grease. It is developed from slected base oil, special lithium semi-complex thickener technology and advance additives package. It gives optimum mechanical & thermal stability that ensures best suitability for wheel bearings of passenger cars, farm equipments, off and on-highway commercial vehicles and new generation multi-axle trucks for long haul service.","https://pensol.com/AP-LR_135000.html","https://pensol.com/img/ap_lr_135000.jpg"
"AP-LR 30000 ®","Pensol","PENSOL INDUSTRIES LIMITED","Hind Motors","Greases","AP-LR 30000 ®","","500","g","500 g","","","","","PENSOL AP-LR 30000 is modified lithium soap based high temperature, water resistant long life grease. It is manufactured from high quality base stocks, special blend of lithium & calcium soaps and fortified with superior performance additives.","https://pensol.com/AP_LR_30000_GREASE.html","https://pensol.com/img/ap_lr_30000_grease.jpg"
"AP-LR 30000 ®","Pensol","PENSOL INDUSTRIES LIMITED","Hind Motors","Greases","AP-LR 30000 ®","","1","KG","1 KG","","","","","PENSOL AP-LR 30000 is modified lithium soap based high temperature, water resistant long life grease. It is manufactured from high quality base stocks, special blend of lithium & calcium soaps and fortified with superior performance additives.","https://pensol.com/AP_LR_30000_GREASE.html","https://pensol.com/img/ap_lr_30000_grease.jpg"
"AP-LR 30000 ®","Pensol","PENSOL INDUSTRIES LIMITED","Hind Motors","Greases","AP-LR 30000 ®","","2","KG","2 KG","","","","","PENSOL AP-LR 30000 is modified lithium soap based high temperature, water resistant long life grease. It is manufactured from high quality base stocks, special blend of lithium & calcium soaps and fortified with superior performance additives.","https://pensol.com/AP_LR_30000_GREASE.html","https://pensol.com/img/ap_lr_30000_grease.jpg"
"AP-LR 30000 ®","Pensol","PENSOL INDUSTRIES LIMITED","Hind Motors","Greases","AP-LR 30000 ®","","3","KG","3 KG","","","","","PENSOL AP-LR 30000 is modified lithium soap based high temperature, water resistant long life grease. It is manufactured from high quality base stocks, special blend of lithium & calcium soaps and fortified with superior performance additives.","https://pensol.com/AP_LR_30000_GREASE.html","https://pensol.com/img/ap_lr_30000_grease.jpg"
"AP-LR 30000 ®","Pensol","PENSOL INDUSTRIES LIMITED","Hind Motors","Greases","AP-LR 30000 ®","","5","KG","5 KG","","","","","PENSOL AP-LR 30000 is modified lithium soap based high temperature, water resistant long life grease. It is manufactured from high quality base stocks, special blend of lithium & calcium soaps and fortified with superior performance additives.","https://pensol.com/AP_LR_30000_GREASE.html","https://pensol.com/img/ap_lr_30000_grease.jpg"
"AP-LR 30000 ®","Pensol","PENSOL INDUSTRIES LIMITED","Hind Motors","Greases","AP-LR 30000 ®","","7","KG","7 KG","","","","","PENSOL AP-LR 30000 is modified lithium soap based high temperature, water resistant long life grease. It is manufactured from high quality base stocks, special blend of lithium & calcium soaps and fortified with superior performance additives.","https://pensol.com/AP_LR_30000_GREASE.html","https://pensol.com/img/ap_lr_30000_grease.jpg"
"AP-LR 30000 ®","Pensol","PENSOL INDUSTRIES LIMITED","Hind Motors","Greases","AP-LR 30000 ®","","10","KG","10 KG","","","","","PENSOL AP-LR 30000 is modified lithium soap based high temperature, water resistant long life grease. It is manufactured from high quality base stocks, special blend of lithium & calcium soaps and fortified with superior performance additives.","https://pensol.com/AP_LR_30000_GREASE.html","https://pensol.com/img/ap_lr_30000_grease.jpg"
"AP-LR 30000 ®","Pensol","PENSOL INDUSTRIES LIMITED","Hind Motors","Greases","AP-LR 30000 ®","","18","KG","18 KG","","","","","PENSOL AP-LR 30000 is modified lithium soap based high temperature, water resistant long life grease. It is manufactured from high quality base stocks, special blend of lithium & calcium soaps and fortified with superior performance additives.","https://pensol.com/AP_LR_30000_GREASE.html","https://pensol.com/img/ap_lr_30000_grease.jpg"
"AP-LR 30000 ®","Pensol","PENSOL INDUSTRIES LIMITED","Hind Motors","Greases","AP-LR 30000 ®","","50","KG","50 KG","","","","","PENSOL AP-LR 30000 is modified lithium soap based high temperature, water resistant long life grease. It is manufactured from high quality base stocks, special blend of lithium & calcium soaps and fortified with superior performance additives.","https://pensol.com/AP_LR_30000_GREASE.html","https://pensol.com/img/ap_lr_30000_grease.jpg"
"AP-LR 30000 ®","Pensol","PENSOL INDUSTRIES LIMITED","Hind Motors","Greases","AP-LR 30000 ®","","180","KG","180 KG","","","","","PENSOL AP-LR 30000 is modified lithium soap based high temperature, water resistant long life grease. It is manufactured from high quality base stocks, special blend of lithium & calcium soaps and fortified with superior performance additives.","https://pensol.com/AP_LR_30000_GREASE.html","https://pensol.com/img/ap_lr_30000_grease.jpg"
"CHASSIS GREASE","Pensol","PENSOL INDUSTRIES LIMITED","Hind Motors","Greases","CHASSIS GREASE","","500","g","500 g","","","","","PENSOL CHASSIS GREASE is calcium based grease made from high quality base oils and thickening agents. This product contains anti-oxidants, corrosion inhibitors, extreme pressure and anti-wear additives. Due to its special formulation, this grease exhibits excellent flow even at very low temperatures. It is used in nipples, spring leaves, chain drives, open and semi-open gear systems.","https://pensol.com/CHASIS_GREASE.html","https://pensol.com/img/chasis_grease.jpg"
"CHASSIS GREASE","Pensol","PENSOL INDUSTRIES LIMITED","Hind Motors","Greases","CHASSIS GREASE","","1","KG","1 KG","","","","","PENSOL CHASSIS GREASE is calcium based grease made from high quality base oils and thickening agents. This product contains anti-oxidants, corrosion inhibitors, extreme pressure and anti-wear additives. Due to its special formulation, this grease exhibits excellent flow even at very low temperatures. It is used in nipples, spring leaves, chain drives, open and semi-open gear systems.","https://pensol.com/CHASIS_GREASE.html","https://pensol.com/img/chasis_grease.jpg"
"CHASSIS GREASE","Pensol","PENSOL INDUSTRIES LIMITED","Hind Motors","Greases","CHASSIS GREASE","","2","KG","2 KG","","","","","PENSOL CHASSIS GREASE is calcium based grease made from high quality base oils and thickening agents. This product contains anti-oxidants, corrosion inhibitors, extreme pressure and anti-wear additives. Due to its special formulation, this grease exhibits excellent flow even at very low temperatures. It is used in nipples, spring leaves, chain drives, open and semi-open gear systems.","https://pensol.com/CHASIS_GREASE.html","https://pensol.com/img/chasis_grease.jpg"
"CHASSIS GREASE","Pensol","PENSOL INDUSTRIES LIMITED","Hind Motors","Greases","CHASSIS GREASE","","18","KG","18 KG","","","","","PENSOL CHASSIS GREASE is calcium based grease made from high quality base oils and thickening agents. This product contains anti-oxidants, corrosion inhibitors, extreme pressure and anti-wear additives. Due to its special formulation, this grease exhibits excellent flow even at very low temperatures. It is used in nipples, spring leaves, chain drives, open and semi-open gear systems.","https://pensol.com/CHASIS_GREASE.html","https://pensol.com/img/chasis_grease.jpg"
"CHASSIS GREASE","Pensol","PENSOL INDUSTRIES LIMITED","Hind Motors","Greases","CHASSIS GREASE","","50","KG","50 KG","","","","","PENSOL CHASSIS GREASE is calcium based grease made from high quality base oils and thickening agents. This product contains anti-oxidants, corrosion inhibitors, extreme pressure and anti-wear additives. Due to its special formulation, this grease exhibits excellent flow even at very low temperatures. It is used in nipples, spring leaves, chain drives, open and semi-open gear systems.","https://pensol.com/CHASIS_GREASE.html","https://pensol.com/img/chasis_grease.jpg"
"CHASSIS GREASE","Pensol","PENSOL INDUSTRIES LIMITED","Hind Motors","Greases","CHASSIS GREASE","","180","KG","180 KG","","","","","PENSOL CHASSIS GREASE is calcium based grease made from high quality base oils and thickening agents. This product contains anti-oxidants, corrosion inhibitors, extreme pressure and anti-wear additives. Due to its special formulation, this grease exhibits excellent flow even at very low temperatures. It is used in nipples, spring leaves, chain drives, open and semi-open gear systems.","https://pensol.com/CHASIS_GREASE.html","https://pensol.com/img/chasis_grease.jpg"
"WB GREASE","Pensol","PENSOL INDUSTRIES LIMITED","Hind Motors","Greases","WB GREASE","","200","g","200 g (Pouch)","","","","","PENSOL WB GREASE is sodium based grease, developed from refined base stocks and advanced chemical additives to ensure high shear stability, anti–rust and anti–oxidant properties. This grease is formulated to give long service life to anti–friction bearings of light and heavy vehicles. It meets performance standard of IS 10647:83 specification.","https://pensol.com/WB_GREASE.html","https://pensol.com/img/wb_grease.jpg"
"WB GREASE","Pensol","PENSOL INDUSTRIES LIMITED","Hind Motors","Greases","WB GREASE","","500","g","500 g","","","","","PENSOL WB GREASE is sodium based grease, developed from refined base stocks and advanced chemical additives to ensure high shear stability, anti–rust and anti–oxidant properties. This grease is formulated to give long service life to anti–friction bearings of light and heavy vehicles. It meets performance standard of IS 10647:83 specification.","https://pensol.com/WB_GREASE.html","https://pensol.com/img/wb_grease.jpg"
"WB GREASE","Pensol","PENSOL INDUSTRIES LIMITED","Hind Motors","Greases","WB GREASE","","1","KG","1 KG","","","","","PENSOL WB GREASE is sodium based grease, developed from refined base stocks and advanced chemical additives to ensure high shear stability, anti–rust and anti–oxidant properties. This grease is formulated to give long service life to anti–friction bearings of light and heavy vehicles. It meets performance standard of IS 10647:83 specification.","https://pensol.com/WB_GREASE.html","https://pensol.com/img/wb_grease.jpg"
"WB GREASE","Pensol","PENSOL INDUSTRIES LIMITED","Hind Motors","Greases","WB GREASE","","2","KG","2 KG","","","","","PENSOL WB GREASE is sodium based grease, developed from refined base stocks and advanced chemical additives to ensure high shear stability, anti–rust and anti–oxidant properties. This grease is formulated to give long service life to anti–friction bearings of light and heavy vehicles. It meets performance standard of IS 10647:83 specification.","https://pensol.com/WB_GREASE.html","https://pensol.com/img/wb_grease.jpg"
"WB GREASE","Pensol","PENSOL INDUSTRIES LIMITED","Hind Motors","Greases","WB GREASE","","3","KG","3 KG","","","","","PENSOL WB GREASE is sodium based grease, developed from refined base stocks and advanced chemical additives to ensure high shear stability, anti–rust and anti–oxidant properties. This grease is formulated to give long service life to anti–friction bearings of light and heavy vehicles. It meets performance standard of IS 10647:83 specification.","https://pensol.com/WB_GREASE.html","https://pensol.com/img/wb_grease.jpg"
"WB GREASE","Pensol","PENSOL INDUSTRIES LIMITED","Hind Motors","Greases","WB GREASE","","10","KG","10 KG","","","","","PENSOL WB GREASE is sodium based grease, developed from refined base stocks and advanced chemical additives to ensure high shear stability, anti–rust and anti–oxidant properties. This grease is formulated to give long service life to anti–friction bearings of light and heavy vehicles. It meets performance standard of IS 10647:83 specification.","https://pensol.com/WB_GREASE.html","https://pensol.com/img/wb_grease.jpg"
"WB GREASE","Pensol","PENSOL INDUSTRIES LIMITED","Hind Motors","Greases","WB GREASE","","18","KG","18 KG","","","","","PENSOL WB GREASE is sodium based grease, developed from refined base stocks and advanced chemical additives to ensure high shear stability, anti–rust and anti–oxidant properties. This grease is formulated to give long service life to anti–friction bearings of light and heavy vehicles. It meets performance standard of IS 10647:83 specification.","https://pensol.com/WB_GREASE.html","https://pensol.com/img/wb_grease.jpg"
"WB GREASE","Pensol","PENSOL INDUSTRIES LIMITED","Hind Motors","Greases","WB GREASE","","50","KG","50 KG","","","","","PENSOL WB GREASE is sodium based grease, developed from refined base stocks and advanced chemical additives to ensure high shear stability, anti–rust and anti–oxidant properties. This grease is formulated to give long service life to anti–friction bearings of light and heavy vehicles. It meets performance standard of IS 10647:83 specification.","https://pensol.com/WB_GREASE.html","https://pensol.com/img/wb_grease.jpg"
"WB GREASE","Pensol","PENSOL INDUSTRIES LIMITED","Hind Motors","Greases","WB GREASE","","180","KG","180 KG","","","","","PENSOL WB GREASE is sodium based grease, developed from refined base stocks and advanced chemical additives to ensure high shear stability, anti–rust and anti–oxidant properties. This grease is formulated to give long service life to anti–friction bearings of light and heavy vehicles. It meets performance standard of IS 10647:83 specification.","https://pensol.com/WB_GREASE.html","https://pensol.com/img/wb_grease.jpg"
"AP-LR 100000 ®","Pensol","PENSOL INDUSTRIES LIMITED","Hind Motors","Greases","AP-LR 100000 ®","","500","g","500 g","","","","","PENSOL AP-LR 100000 is a high performance lithium complex grease designed for lubrication of bearings of most automotive and industrial equipment. This grease is based on high quality mineral base fluid and superior lithium complex soap thickener fortified with excellent anti-oxidation, anti-rust and anti-wear aadditive systems. This greases provides long term protection to the rolling elements over a wide temperature range.","https://pensol.com/AP-LR_100000.html","https://pensol.com/img/ap_lr_100000.jpg"
"AP-LR 100000 ®","Pensol","PENSOL INDUSTRIES LIMITED","Hind Motors","Greases","AP-LR 100000 ®","","1","KG","1 KG","","","","","PENSOL AP-LR 100000 is a high performance lithium complex grease designed for lubrication of bearings of most automotive and industrial equipment. This grease is based on high quality mineral base fluid and superior lithium complex soap thickener fortified with excellent anti-oxidation, anti-rust and anti-wear aadditive systems. This greases provides long term protection to the rolling elements over a wide temperature range.","https://pensol.com/AP-LR_100000.html","https://pensol.com/img/ap_lr_100000.jpg"
"AP-LR 100000 ®","Pensol","PENSOL INDUSTRIES LIMITED","Hind Motors","Greases","AP-LR 100000 ®","","2","KG","2 KG","","","","","PENSOL AP-LR 100000 is a high performance lithium complex grease designed for lubrication of bearings of most automotive and industrial equipment. This grease is based on high quality mineral base fluid and superior lithium complex soap thickener fortified with excellent anti-oxidation, anti-rust and anti-wear aadditive systems. This greases provides long term protection to the rolling elements over a wide temperature range.","https://pensol.com/AP-LR_100000.html","https://pensol.com/img/ap_lr_100000.jpg"
"AP-LR 100000 ®","Pensol","PENSOL INDUSTRIES LIMITED","Hind Motors","Greases","AP-LR 100000 ®","","3","KG","3 KG","","","","","PENSOL AP-LR 100000 is a high performance lithium complex grease designed for lubrication of bearings of most automotive and industrial equipment. This grease is based on high quality mineral base fluid and superior lithium complex soap thickener fortified with excellent anti-oxidation, anti-rust and anti-wear aadditive systems. This greases provides long term protection to the rolling elements over a wide temperature range.","https://pensol.com/AP-LR_100000.html","https://pensol.com/img/ap_lr_100000.jpg"
"AP-LR 100000 ®","Pensol","PENSOL INDUSTRIES LIMITED","Hind Motors","Greases","AP-LR 100000 ®","","5","KG","5 KG","","","","","PENSOL AP-LR 100000 is a high performance lithium complex grease designed for lubrication of bearings of most automotive and industrial equipment. This grease is based on high quality mineral base fluid and superior lithium complex soap thickener fortified with excellent anti-oxidation, anti-rust and anti-wear aadditive systems. This greases provides long term protection to the rolling elements over a wide temperature range.","https://pensol.com/AP-LR_100000.html","https://pensol.com/img/ap_lr_100000.jpg"
"AP-LR 100000 ®","Pensol","PENSOL INDUSTRIES LIMITED","Hind Motors","Greases","AP-LR 100000 ®","","7","KG","7 KG","","","","","PENSOL AP-LR 100000 is a high performance lithium complex grease designed for lubrication of bearings of most automotive and industrial equipment. This grease is based on high quality mineral base fluid and superior lithium complex soap thickener fortified with excellent anti-oxidation, anti-rust and anti-wear aadditive systems. This greases provides long term protection to the rolling elements over a wide temperature range.","https://pensol.com/AP-LR_100000.html","https://pensol.com/img/ap_lr_100000.jpg"
"AP-LR 100000 ®","Pensol","PENSOL INDUSTRIES LIMITED","Hind Motors","Greases","AP-LR 100000 ®","","10","KG","10 KG","","","","","PENSOL AP-LR 100000 is a high performance lithium complex grease designed for lubrication of bearings of most automotive and industrial equipment. This grease is based on high quality mineral base fluid and superior lithium complex soap thickener fortified with excellent anti-oxidation, anti-rust and anti-wear aadditive systems. This greases provides long term protection to the rolling elements over a wide temperature range.","https://pensol.com/AP-LR_100000.html","https://pensol.com/img/ap_lr_100000.jpg"
"AP-LR 100000 ®","Pensol","PENSOL INDUSTRIES LIMITED","Hind Motors","Greases","AP-LR 100000 ®","","18","KG","18 KG","","","","","PENSOL AP-LR 100000 is a high performance lithium complex grease designed for lubrication of bearings of most automotive and industrial equipment. This grease is based on high quality mineral base fluid and superior lithium complex soap thickener fortified with excellent anti-oxidation, anti-rust and anti-wear aadditive systems. This greases provides long term protection to the rolling elements over a wide temperature range.","https://pensol.com/AP-LR_100000.html","https://pensol.com/img/ap_lr_100000.jpg"
"AP-LR 100000 ®","Pensol","PENSOL INDUSTRIES LIMITED","Hind Motors","Greases","AP-LR 100000 ®","","50","KG","50 KG","","","","","PENSOL AP-LR 100000 is a high performance lithium complex grease designed for lubrication of bearings of most automotive and industrial equipment. This grease is based on high quality mineral base fluid and superior lithium complex soap thickener fortified with excellent anti-oxidation, anti-rust and anti-wear aadditive systems. This greases provides long term protection to the rolling elements over a wide temperature range.","https://pensol.com/AP-LR_100000.html","https://pensol.com/img/ap_lr_100000.jpg"
"AP-LR 100000 ®","Pensol","PENSOL INDUSTRIES LIMITED","Hind Motors","Greases","AP-LR 100000 ®","","180","KG","180 KG","","","","","PENSOL AP-LR 100000 is a high performance lithium complex grease designed for lubrication of bearings of most automotive and industrial equipment. This grease is based on high quality mineral base fluid and superior lithium complex soap thickener fortified with excellent anti-oxidation, anti-rust and anti-wear aadditive systems. This greases provides long term protection to the rolling elements over a wide temperature range.","https://pensol.com/AP-LR_100000.html","https://pensol.com/img/ap_lr_100000.jpg"
"AP3 GREASE","Pensol","PENSOL INDUSTRIES LIMITED","Hind Motors","Greases","AP3 GREASE","","100","g","100 g (Pouch)","","","","","PENSOL AP3 GREASE is lithium based multi-functional, high temperature, water resistant multi-purpose grease. It is manufactured from high quality base stocks, superior quality lithium soap and performance additives. This product is multi-purpose grease of NLGI 3 consistency. It meets IS 12203:99 (Reaffirmed 2009) specification.","https://pensol.com/AP3_GREASE.html","https://pensol.com/img/ap3_grease.jpg"
"AP3 GREASE","Pensol","PENSOL INDUSTRIES LIMITED","Hind Motors","Greases","AP3 GREASE","","100","g","100 g (Tube)","","","","","PENSOL AP3 GREASE is lithium based multi-functional, high temperature, water resistant multi-purpose grease. It is manufactured from high quality base stocks, superior quality lithium soap and performance additives. This product is multi-purpose grease of NLGI 3 consistency. It meets IS 12203:99 (Reaffirmed 2009) specification.","https://pensol.com/AP3_GREASE.html","https://pensol.com/img/ap3_grease.jpg"
"AP3 GREASE","Pensol","PENSOL INDUSTRIES LIMITED","Hind Motors","Greases","AP3 GREASE","","200","g","200 g (Pouch)","","","","","PENSOL AP3 GREASE is lithium based multi-functional, high temperature, water resistant multi-purpose grease. It is manufactured from high quality base stocks, superior quality lithium soap and performance additives. This product is multi-purpose grease of NLGI 3 consistency. It meets IS 12203:99 (Reaffirmed 2009) specification.","https://pensol.com/AP3_GREASE.html","https://pensol.com/img/ap3_grease.jpg"
"AP3 GREASE","Pensol","PENSOL INDUSTRIES LIMITED","Hind Motors","Greases","AP3 GREASE","","200","g","200 g (Tube)","","","","","PENSOL AP3 GREASE is lithium based multi-functional, high temperature, water resistant multi-purpose grease. It is manufactured from high quality base stocks, superior quality lithium soap and performance additives. This product is multi-purpose grease of NLGI 3 consistency. It meets IS 12203:99 (Reaffirmed 2009) specification.","https://pensol.com/AP3_GREASE.html","https://pensol.com/img/ap3_grease.jpg"
"AP3 GREASE","Pensol","PENSOL INDUSTRIES LIMITED","Hind Motors","Greases","AP3 GREASE","","500","g","500 g","","","","","PENSOL AP3 GREASE is lithium based multi-functional, high temperature, water resistant multi-purpose grease. It is manufactured from high quality base stocks, superior quality lithium soap and performance additives. This product is multi-purpose grease of NLGI 3 consistency. It meets IS 12203:99 (Reaffirmed 2009) specification.","https://pensol.com/AP3_GREASE.html","https://pensol.com/img/ap3_grease.jpg"
"AP3 GREASE","Pensol","PENSOL INDUSTRIES LIMITED","Hind Motors","Greases","AP3 GREASE","","1","KG","1 KG","","","","","PENSOL AP3 GREASE is lithium based multi-functional, high temperature, water resistant multi-purpose grease. It is manufactured from high quality base stocks, superior quality lithium soap and performance additives. This product is multi-purpose grease of NLGI 3 consistency. It meets IS 12203:99 (Reaffirmed 2009) specification.","https://pensol.com/AP3_GREASE.html","https://pensol.com/img/ap3_grease.jpg"
"AP3 GREASE","Pensol","PENSOL INDUSTRIES LIMITED","Hind Motors","Greases","AP3 GREASE","","2","KG","2 KG","","","","","PENSOL AP3 GREASE is lithium based multi-functional, high temperature, water resistant multi-purpose grease. It is manufactured from high quality base stocks, superior quality lithium soap and performance additives. This product is multi-purpose grease of NLGI 3 consistency. It meets IS 12203:99 (Reaffirmed 2009) specification.","https://pensol.com/AP3_GREASE.html","https://pensol.com/img/ap3_grease.jpg"
"AP3 GREASE","Pensol","PENSOL INDUSTRIES LIMITED","Hind Motors","Greases","AP3 GREASE","","3","KG","3 KG","","","","","PENSOL AP3 GREASE is lithium based multi-functional, high temperature, water resistant multi-purpose grease. It is manufactured from high quality base stocks, superior quality lithium soap and performance additives. This product is multi-purpose grease of NLGI 3 consistency. It meets IS 12203:99 (Reaffirmed 2009) specification.","https://pensol.com/AP3_GREASE.html","https://pensol.com/img/ap3_grease.jpg"
"AP3 GREASE","Pensol","PENSOL INDUSTRIES LIMITED","Hind Motors","Greases","AP3 GREASE","","5","KG","5 KG","","","","","PENSOL AP3 GREASE is lithium based multi-functional, high temperature, water resistant multi-purpose grease. It is manufactured from high quality base stocks, superior quality lithium soap and performance additives. This product is multi-purpose grease of NLGI 3 consistency. It meets IS 12203:99 (Reaffirmed 2009) specification.","https://pensol.com/AP3_GREASE.html","https://pensol.com/img/ap3_grease.jpg"
"AP3 GREASE","Pensol","PENSOL INDUSTRIES LIMITED","Hind Motors","Greases","AP3 GREASE","","7","KG","7 KG","","","","","PENSOL AP3 GREASE is lithium based multi-functional, high temperature, water resistant multi-purpose grease. It is manufactured from high quality base stocks, superior quality lithium soap and performance additives. This product is multi-purpose grease of NLGI 3 consistency. It meets IS 12203:99 (Reaffirmed 2009) specification.","https://pensol.com/AP3_GREASE.html","https://pensol.com/img/ap3_grease.jpg"
"AP3 GREASE","Pensol","PENSOL INDUSTRIES LIMITED","Hind Motors","Greases","AP3 GREASE","","10","KG","10 KG","","","","","PENSOL AP3 GREASE is lithium based multi-functional, high temperature, water resistant multi-purpose grease. It is manufactured from high quality base stocks, superior quality lithium soap and performance additives. This product is multi-purpose grease of NLGI 3 consistency. It meets IS 12203:99 (Reaffirmed 2009) specification.","https://pensol.com/AP3_GREASE.html","https://pensol.com/img/ap3_grease.jpg"
"AP3 GREASE","Pensol","PENSOL INDUSTRIES LIMITED","Hind Motors","Greases","AP3 GREASE","","18","KG","18 KG","","","","","PENSOL AP3 GREASE is lithium based multi-functional, high temperature, water resistant multi-purpose grease. It is manufactured from high quality base stocks, superior quality lithium soap and performance additives. This product is multi-purpose grease of NLGI 3 consistency. It meets IS 12203:99 (Reaffirmed 2009) specification.","https://pensol.com/AP3_GREASE.html","https://pensol.com/img/ap3_grease.jpg"
"AP3 GREASE","Pensol","PENSOL INDUSTRIES LIMITED","Hind Motors","Greases","AP3 GREASE","","50","KG","50 KG","","","","","PENSOL AP3 GREASE is lithium based multi-functional, high temperature, water resistant multi-purpose grease. It is manufactured from high quality base stocks, superior quality lithium soap and performance additives. This product is multi-purpose grease of NLGI 3 consistency. It meets IS 12203:99 (Reaffirmed 2009) specification.","https://pensol.com/AP3_GREASE.html","https://pensol.com/img/ap3_grease.jpg"
"AP3 GREASE","Pensol","PENSOL INDUSTRIES LIMITED","Hind Motors","Greases","AP3 GREASE","","180","KG","180 KG","","","","","PENSOL AP3 GREASE is lithium based multi-functional, high temperature, water resistant multi-purpose grease. It is manufactured from high quality base stocks, superior quality lithium soap and performance additives. This product is multi-purpose grease of NLGI 3 consistency. It meets IS 12203:99 (Reaffirmed 2009) specification.","https://pensol.com/AP3_GREASE.html","https://pensol.com/img/ap3_grease.jpg"
"CRUSHER GREASE","Pensol","PENSOL INDUSTRIES LIMITED","Hind Motors","Greases","CRUSHER GREASE","","18","KG","18 KG","","","","","PENSOL CRUSHER GREASE is lithium based grease made from extreme pressure additives for enhanced load bearing capacity. This product possesses excellent shear stability under heavy duty service and has excellent water tolerance. It is recommended for pulverizers and various other crushing equipment.","https://pensol.com/CRUSHER_GREASE.html","https://pensol.com/img/crusher_grease.jpg"
"CRUSHER GREASE","Pensol","PENSOL INDUSTRIES LIMITED","Hind Motors","Greases","CRUSHER GREASE","","50","KG","50 KG","","","","","PENSOL CRUSHER GREASE is lithium based grease made from extreme pressure additives for enhanced load bearing capacity. This product possesses excellent shear stability under heavy duty service and has excellent water tolerance. It is recommended for pulverizers and various other crushing equipment.","https://pensol.com/CRUSHER_GREASE.html","https://pensol.com/img/crusher_grease.jpg"
"CRUSHER GREASE","Pensol","PENSOL INDUSTRIES LIMITED","Hind Motors","Greases","CRUSHER GREASE","","180","KG","180 KG","","","","","PENSOL CRUSHER GREASE is lithium based grease made from extreme pressure additives for enhanced load bearing capacity. This product possesses excellent shear stability under heavy duty service and has excellent water tolerance. It is recommended for pulverizers and various other crushing equipment.","https://pensol.com/CRUSHER_GREASE.html","https://pensol.com/img/crusher_grease.jpg"
"HDBF CRIMSON PLUS","Pensol","PENSOL INDUSTRIES LIMITED","Hind Motors","Brake Fluid","HDBF CRIMSON PLUS","","100","ml","100 ml","","","Viscosity Grade: DOT 4","","PENSOL HDBF CRIMSON PLUS is a heavy duty fully synthetic brake fluid exclusively developed for use in automotive disc, drum, anti-skid brake systems and clutch systems.","https://pensol.com/HDBF_CRIMSON_PLUS.html","https://pensol.com/img/hdbf_crimson_plus.jpg"
"HDBF CRIMSON PLUS","Pensol","PENSOL INDUSTRIES LIMITED","Hind Motors","Brake Fluid","HDBF CRIMSON PLUS","","250","ml","250 ml","","","Viscosity Grade: DOT 4","","PENSOL HDBF CRIMSON PLUS is a heavy duty fully synthetic brake fluid exclusively developed for use in automotive disc, drum, anti-skid brake systems and clutch systems.","https://pensol.com/HDBF_CRIMSON_PLUS.html","https://pensol.com/img/hdbf_crimson_plus.jpg"
"HDBF CRIMSON PLUS","Pensol","PENSOL INDUSTRIES LIMITED","Hind Motors","Brake Fluid","HDBF CRIMSON PLUS","","55","L","55 L","","","Viscosity Grade: DOT 4","","PENSOL HDBF CRIMSON PLUS is a heavy duty fully synthetic brake fluid exclusively developed for use in automotive disc, drum, anti-skid brake systems and clutch systems.","https://pensol.com/HDBF_CRIMSON_PLUS.html","https://pensol.com/img/hdbf_crimson_plus.jpg"
"HDBF CRIMSON PLUS","Pensol","PENSOL INDUSTRIES LIMITED","Hind Motors","Brake Fluid","HDBF CRIMSON PLUS","","210","L","210 L","","","Viscosity Grade: DOT 4","","PENSOL HDBF CRIMSON PLUS is a heavy duty fully synthetic brake fluid exclusively developed for use in automotive disc, drum, anti-skid brake systems and clutch systems.","https://pensol.com/HDBF_CRIMSON_PLUS.html","https://pensol.com/img/hdbf_crimson_plus.jpg"
"HDBF CRIMSON","Pensol","PENSOL INDUSTRIES LIMITED","Hind Motors","Brake Fluid","HDBF CRIMSON","","100","ml","100 ml","","","Viscosity Grade: DOT 3","","PENSOL HDBF CRIMSON is a heavy duty fully synthetic brake fluid exclusively developed for use in automotive disc, drum, anti-skid brake systems and clutch systems.","https://pensol.com/HDBF_CRIMSON.html","https://pensol.com/img/hdbf_crimson.jpg"
"HDBF CRIMSON","Pensol","PENSOL INDUSTRIES LIMITED","Hind Motors","Brake Fluid","HDBF CRIMSON","","250","ml","250 ml","","","Viscosity Grade: DOT 3","","PENSOL HDBF CRIMSON is a heavy duty fully synthetic brake fluid exclusively developed for use in automotive disc, drum, anti-skid brake systems and clutch systems.","https://pensol.com/HDBF_CRIMSON.html","https://pensol.com/img/hdbf_crimson.jpg"
"HDBF CRIMSON","Pensol","PENSOL INDUSTRIES LIMITED","Hind Motors","Brake Fluid","HDBF CRIMSON","","500","ml","500 ml","","","Viscosity Grade: DOT 3","","PENSOL HDBF CRIMSON is a heavy duty fully synthetic brake fluid exclusively developed for use in automotive disc, drum, anti-skid brake systems and clutch systems.","https://pensol.com/HDBF_CRIMSON.html","https://pensol.com/img/hdbf_crimson.jpg"
"HDBF CRIMSON","Pensol","PENSOL INDUSTRIES LIMITED","Hind Motors","Brake Fluid","HDBF CRIMSON","","55","L","55 L","","","Viscosity Grade: DOT 3","","PENSOL HDBF CRIMSON is a heavy duty fully synthetic brake fluid exclusively developed for use in automotive disc, drum, anti-skid brake systems and clutch systems.","https://pensol.com/HDBF_CRIMSON.html","https://pensol.com/img/hdbf_crimson.jpg"
"HDBF CRIMSON","Pensol","PENSOL INDUSTRIES LIMITED","Hind Motors","Brake Fluid","HDBF CRIMSON","","210","L","210 L","","","Viscosity Grade: DOT 3","","PENSOL HDBF CRIMSON is a heavy duty fully synthetic brake fluid exclusively developed for use in automotive disc, drum, anti-skid brake systems and clutch systems.","https://pensol.com/HDBF_CRIMSON.html","https://pensol.com/img/hdbf_crimson.jpg"
"A C COOLANT","Pensol","PENSOL INDUSTRIES LIMITED","Hind Motors","Coolant","A C COOLANT","","500","ml","500 ml","","","","","PENSOL A C COOLANT is a high performance anti-corrosive radiator coolant for both petrol and diesel engines. Recommended for commercial vehicles and passenger cars where high temperature aluminum protection is important. Refer manufacturers recommendation for correct concentration before filling into the cooling system.","https://pensol.com/A_C_COOLANT.html","https://pensol.com/img/a_c_coolant.jpg"
"A C COOLANT","Pensol","PENSOL INDUSTRIES LIMITED","Hind Motors","Coolant","A C COOLANT","","1","L","1 L","","","","","PENSOL A C COOLANT is a high performance anti-corrosive radiator coolant for both petrol and diesel engines. Recommended for commercial vehicles and passenger cars where high temperature aluminum protection is important. Refer manufacturers recommendation for correct concentration before filling into the cooling system.","https://pensol.com/A_C_COOLANT.html","https://pensol.com/img/a_c_coolant.jpg"
"A C COOLANT","Pensol","PENSOL INDUSTRIES LIMITED","Hind Motors","Coolant","A C COOLANT","","3","L","3 L","","","","","PENSOL A C COOLANT is a high performance anti-corrosive radiator coolant for both petrol and diesel engines. Recommended for commercial vehicles and passenger cars where high temperature aluminum protection is important. Refer manufacturers recommendation for correct concentration before filling into the cooling system.","https://pensol.com/A_C_COOLANT.html","https://pensol.com/img/a_c_coolant.jpg"
"A C COOLANT","Pensol","PENSOL INDUSTRIES LIMITED","Hind Motors","Coolant","A C COOLANT","","5","L","5 L","","","","","PENSOL A C COOLANT is a high performance anti-corrosive radiator coolant for both petrol and diesel engines. Recommended for commercial vehicles and passenger cars where high temperature aluminum protection is important. Refer manufacturers recommendation for correct concentration before filling into the cooling system.","https://pensol.com/A_C_COOLANT.html","https://pensol.com/img/a_c_coolant.jpg"
"A C COOLANT","Pensol","PENSOL INDUSTRIES LIMITED","Hind Motors","Coolant","A C COOLANT","","20","L","20 L","","","","","PENSOL A C COOLANT is a high performance anti-corrosive radiator coolant for both petrol and diesel engines. Recommended for commercial vehicles and passenger cars where high temperature aluminum protection is important. Refer manufacturers recommendation for correct concentration before filling into the cooling system.","https://pensol.com/A_C_COOLANT.html","https://pensol.com/img/a_c_coolant.jpg"
"A C COOLANT","Pensol","PENSOL INDUSTRIES LIMITED","Hind Motors","Coolant","A C COOLANT","","55","L","55 L","","","","","PENSOL A C COOLANT is a high performance anti-corrosive radiator coolant for both petrol and diesel engines. Recommended for commercial vehicles and passenger cars where high temperature aluminum protection is important. Refer manufacturers recommendation for correct concentration before filling into the cooling system.","https://pensol.com/A_C_COOLANT.html","https://pensol.com/img/a_c_coolant.jpg"
"A C COOLANT","Pensol","PENSOL INDUSTRIES LIMITED","Hind Motors","Coolant","A C COOLANT","","210","L","210 L","","","","","PENSOL A C COOLANT is a high performance anti-corrosive radiator coolant for both petrol and diesel engines. Recommended for commercial vehicles and passenger cars where high temperature aluminum protection is important. Refer manufacturers recommendation for correct concentration before filling into the cooling system.","https://pensol.com/A_C_COOLANT.html","https://pensol.com/img/a_c_coolant.jpg"
"TRANSLOAD","Pensol","PENSOL INDUSTRIES LIMITED","Hind Motors","Hydraulic Oil","TRANSLOAD","","800","ml","800 ml","","","Viscosity Grade: VG - 32 / 46 / 68","","PENSOL TRANSLOAD is a premium quality anti-wear hydraulic oil which have been developed to operate under moderate to severe conditions across a wide range of industrial applications. This oil will protect, lubricate and perform in the most efficient and effective way to ensure smooth operation and long service life of the hydraulic systems. It meets BIS10522/83 (reaffirmed 1993).","https://pensol.com/TRANSLOAD.html","https://pensol.com/img/transload.jpg"
"TRANSLOAD","Pensol","PENSOL INDUSTRIES LIMITED","Hind Motors","Hydraulic Oil","TRANSLOAD","","5","L","5 L","","","Viscosity Grade: VG - 32 / 46 / 68","","PENSOL TRANSLOAD is a premium quality anti-wear hydraulic oil which have been developed to operate under moderate to severe conditions across a wide range of industrial applications. This oil will protect, lubricate and perform in the most efficient and effective way to ensure smooth operation and long service life of the hydraulic systems. It meets BIS10522/83 (reaffirmed 1993).","https://pensol.com/TRANSLOAD.html","https://pensol.com/img/transload.jpg"
"TRANSLOAD","Pensol","PENSOL INDUSTRIES LIMITED","Hind Motors","Hydraulic Oil","TRANSLOAD","","20","L","20 L","","","Viscosity Grade: VG - 32 / 46 / 68","","PENSOL TRANSLOAD is a premium quality anti-wear hydraulic oil which have been developed to operate under moderate to severe conditions across a wide range of industrial applications. This oil will protect, lubricate and perform in the most efficient and effective way to ensure smooth operation and long service life of the hydraulic systems. It meets BIS10522/83 (reaffirmed 1993).","https://pensol.com/TRANSLOAD.html","https://pensol.com/img/transload.jpg"
"TRANSLOAD","Pensol","PENSOL INDUSTRIES LIMITED","Hind Motors","Hydraulic Oil","TRANSLOAD","","55","L","55 L","","","Viscosity Grade: VG - 32 / 46 / 68","","PENSOL TRANSLOAD is a premium quality anti-wear hydraulic oil which have been developed to operate under moderate to severe conditions across a wide range of industrial applications. This oil will protect, lubricate and perform in the most efficient and effective way to ensure smooth operation and long service life of the hydraulic systems. It meets BIS10522/83 (reaffirmed 1993).","https://pensol.com/TRANSLOAD.html","https://pensol.com/img/transload.jpg"
"TRANSLOAD","Pensol","PENSOL INDUSTRIES LIMITED","Hind Motors","Hydraulic Oil","TRANSLOAD","","210","L","210 L","","","Viscosity Grade: VG - 32 / 46 / 68","","PENSOL TRANSLOAD is a premium quality anti-wear hydraulic oil which have been developed to operate under moderate to severe conditions across a wide range of industrial applications. This oil will protect, lubricate and perform in the most efficient and effective way to ensure smooth operation and long service life of the hydraulic systems. It meets BIS10522/83 (reaffirmed 1993).","https://pensol.com/TRANSLOAD.html","https://pensol.com/img/transload.jpg"
"ENVIROSAFE","Pensol","PENSOL INDUSTRIES LIMITED","Hind Motors","DIESEL EXHAUST FLUID","ENVIROSAFE","","20","L","20 L","","","Viscosity Grade: A.U.S. 32","","PENSOL ENVIROSAFE A.U.S. 32 is recommended for all diesel vehicles using SCR (Selective Catalytic Reduction) technology to meet BS IV emission norms. It contains 32.5% extremely pure solution of urea in demineralized water that helps vehicles reduce emissions of nitrogen oxides (NOx).","https://pensol.com/ENVIROSAFE.html","https://pensol.com/img/enviro_safe.jpg"
"ENVIROSAFE","Pensol","PENSOL INDUSTRIES LIMITED","Hind Motors","DIESEL EXHAUST FLUID","ENVIROSAFE","","55","L","55 L","","","Viscosity Grade: A.U.S. 32","","PENSOL ENVIROSAFE A.U.S. 32 is recommended for all diesel vehicles using SCR (Selective Catalytic Reduction) technology to meet BS IV emission norms. It contains 32.5% extremely pure solution of urea in demineralized water that helps vehicles reduce emissions of nitrogen oxides (NOx).","https://pensol.com/ENVIROSAFE.html","https://pensol.com/img/enviro_safe.jpg"
"ENVIROSAFE","Pensol","PENSOL INDUSTRIES LIMITED","Hind Motors","DIESEL EXHAUST FLUID","ENVIROSAFE","","210","L","210 L","","","Viscosity Grade: A.U.S. 32","","PENSOL ENVIROSAFE A.U.S. 32 is recommended for all diesel vehicles using SCR (Selective Catalytic Reduction) technology to meet BS IV emission norms. It contains 32.5% extremely pure solution of urea in demineralized water that helps vehicles reduce emissions of nitrogen oxides (NOx).","https://pensol.com/ENVIROSAFE.html","https://pensol.com/img/enviro_safe.jpg"
"TRANSLOAD HVLP","Pensol","PENSOL INDUSTRIES LIMITED","Hind Motors","Hydraulic Oil","TRANSLOAD HVLP","","","","","","","Advantages: Maintain cleanliness as per ISO/NAS classifications to reduce chocking of Servo valve. High Air release properties reduce foaming and avoid catastrophic failure. High viscosity index & high shear stability maintain adequate oil film at high temperature and high speed application compare with low viscosity index oil and low shear stability oil. | advantages: Maintain cleanliness as per ISO/NAS classifications to reduce chocking of Servo valve. High Air release properties reduce foaming and avoid catastrophic failure. High viscosity index & high shear stability maintain adequate oil film at high temperature and high speed application compare with low viscosity index oil and low shear stability oil. | Maintain cleanliness as per ISO/NAS classifications to reduce chocking of Servo valve. High Air release properties reduce foaming and avoid catastrophic failure. High viscosity index & high shear stability maintain adequate oil film at high temperature and high speed application compare with low viscosity index oil and low shear stability oil.","Systems employing gear, vane, radial and axial piston pumps where anti-wear hydraulic oils are recommended. Hydraulic applications where contamination, leakage or small amounts of water are unavoidable. Also in Systems containing gears and bearings where mild anti-wear characteristics are required.","PENSOL TRANSLOAD HVLP products are formulated with anti-wear agents, rust inhibitor, demulsifiers and foam inhibitor using specially refined high Viscosity index base stocks to provide excellent resistance to thermal degradation and better hydrolytic stability. These are specially developed for sophisticated hydraulic devices with hydraulic mechanical actuators requiring EP applications.","https://pensol.com/TRANSLOAD_HVLP.html","https://pensol.com/img/oil_barrel.jpg"
"TRANSLOAD HLP","Pensol","PENSOL INDUSTRIES LIMITED","Hind Motors","Hydraulic Oil","TRANSLOAD HLP","","","","","","","Advantages: Superior anti-wear properties reduce metal to metal contact at high temperature tends, to increase pump and hydraulic systems life. Seal compatibility with various type seal avoids leakage issue. Good anti-foaming and anti-rusting properties reduces cavitation. | advantages: Superior anti-wear properties reduce metal to metal contact at high temperature tends, to increase pump and hydraulic systems life. Seal compatibility with various type seal avoids leakage issue. Good anti-foaming and anti-rusting properties reduces cavitation. | Superior anti-wear properties reduce metal to metal contact at high temperature tends, to increase pump and hydraulic systems life. Seal compatibility with various type seal avoids leakage issue. Good anti-foaming and anti-rusting properties reduces cavitation.","This product is recommended for use in hydraulic systems of earthmoving equipments. Also suitable for moderate to high load hydraulic systems where the temperature variations available. It works best for mining, construction underground equipments like tunnel boring machine, drilling machine, hydraulic lifts etc.","PENSOL TRANSLOAD HLP are hydraulic fluids blended from imported super clean base oils and contains selected viscosity index improvers, which are highly shear stable. These products are further strengthen with premium additive package, which have outstanding anti-wear, anti-oxidation, anti-corrosion and hydrolytic stability properties.","https://pensol.com/TRANSLOAD_HLP.html","https://pensol.com/img/oil_barrel.jpg"
"TRANSLOAD HL","Pensol","PENSOL INDUSTRIES LIMITED","Hind Motors","Hydraulic Oil","TRANSLOAD HL","","","","","","","Advantages: Special anti-wear additive package reduces wear by protecting surfaces when load causes breakdown of the lubricant film. Good anti-foam and air release properties ensure smooth operation and system efficiency. Better anti-foaming property gives better air release, as soon as enter in the system. Effective rust and oxidation inhibitor system prevents the production of abrasive particles from rust formation and deposits, varnishes and sludge from oil breakdown. | advantages: Special anti-wear additive package reduces wear by protecting surfaces when load causes breakdown of the lubricant film. Good anti-foam and air release properties ensure smooth operation and system efficiency. Better anti-foaming property gives better air release, as soon as enter in the system. Effective rust and oxidation inhibitor system prevents the production of abrasive particles from rust formation and deposits, varnishes and sludge from oil breakdown. | Special anti-wear additive package reduces wear by protecting surfaces when load causes breakdown of the lubricant film. Good anti-foam and air release properties ensure smooth operation and system efficiency. Better anti-foaming property gives better air release, as soon as enter in the system. Effective rust and oxidation inhibitor system prevents the production of abrasive particles from rust formation and deposits, varnishes and sludge from oil breakdown.","This product is recommended for systems employing gear, vane, radial and axial piston pumps. Also use in systems containing gears and bearings where mild anti-wear characteristics are required.","PENSOL TRANSLOAD HL is a high performance hydraulic fluid formulated for wide range-applications, blended from imported base oils. These products are further fortified with premium additive package, which have outstanding anti-wear, anti-oxidation, anti-corrosion and hydrolytic stability properties. It can be used in hydraulic systems operating under moderate to severe conditions in mobile and industrial service and in older hydraulic systems where leakage is a problem. It is a cost-effective hydraulic oil providing all-round protection in mobile hydraulic fluid power transmission systems and general machine lubrication.","https://pensol.com/TRANSLOAD_HL.html","https://pensol.com/img/oil_barrel.jpg"
"PROTAC SP","Pensol","PENSOL INDUSTRIES LIMITED","Hind Motors","Gear Oil","PROTAC SP","","","","","","","Advantages: Extreme pressure additive helps to avoid metal-to-metal contact, reduce wear-tear and increase equipment life. High demulsibility helps water separation which reduce corrosion of gears and bearings. Anti-foaming and anti-rusting property of oil avoids catastrophic failure and increase equipment life. | advantages: Extreme pressure additive helps to avoid metal-to-metal contact, reduce wear-tear and increase equipment life. High demulsibility helps water separation which reduce corrosion of gears and bearings. Anti-foaming and anti-rusting property of oil avoids catastrophic failure and increase equipment life. | Extreme pressure additive helps to avoid metal-to-metal contact, reduce wear-tear and increase equipment life. High demulsibility helps water separation which reduce corrosion of gears and bearings. Anti-foaming and anti-rusting property of oil avoids catastrophic failure and increase equipment life.","These are recommended for all heavy-duty enclosed gear drive with circulation or splash lubrication system operating under heavy or shock load conditions up to a temperature of 100OC and bulk oil temperature is usually restricted to 95OC for worm gears. These products are also recommended for chain drives, sprockets, plain & roller bearings, sliding surfaces, flexible couplings employing splash, circulation or spray lubrication systems requiring EP type oils.","PENSOL PROTAC SP is extreme pressure premium quality industrial gear oils manufactured from high quality base stocks with extreme pressure additives, containing sulfur-phosphorus compounds. These oils have better thermal stability, higher oxidation resistance capabilities, good demulsibility and low foaming tendency. It provides extended oil life, rust and corrosion protection to metal surfaces. These oils are non-corrosive to copper and copper alloys.","https://pensol.com/PROTAC_SP.html","https://pensol.com/img/oil_barrel.jpg"
"GUIDELUBE","Pensol","PENSOL INDUSTRIES LIMITED","Hind Motors","Others","GUIDELUBE","","","","","","","Advantages: Control frictional characteristics allows consistently accurate machining. Adhesiveness to metal surfaces reduce squeeze out from the critical place. Long term rust and corrosion protection reduces the deterioration of sliding surfaces in the presence of water and aqueous coolants. | advantages: Control frictional characteristics allows consistently accurate machining. Adhesiveness to metal surfaces reduce squeeze out from the critical place. Long term rust and corrosion protection reduces the deterioration of sliding surfaces in the presence of water and aqueous coolants. | Control frictional characteristics allows consistently accurate machining. Adhesiveness to metal surfaces reduce squeeze out from the critical place. Long term rust and corrosion protection reduces the deterioration of sliding surfaces in the presence of water and aqueous coolants.","These oils are excellent for slide way lubrication of planners, grinders, horizontal boring machines, shapers, jig borers and equipment involving high precision work. It can be used for lubrication of all heavy-duty enclosed gears with circulation or splash lubrication system.","PENSOL GUIDELUBE is premium-quality slide way lubricant specifically designed to meet the requirements for minimum stick-slip and chatter, provides improved surface finish to the job. It is carefully formulated from high-quality base stocks and an advanced additive system to provide controlled frictional properties and corrosion protection.","https://pensol.com/GUIDELUBE.html","https://pensol.com/img/oil_barrel.jpg"
"AIRPRESS","Pensol","PENSOL INDUSTRIES LIMITED","Hind Motors","Compressor Oil","AIRPRESS","","","","","","","Advantages: High oxidation stability and good filterability tend to avoid reduction of hydro-carbon molecule of oil which result in maintain viscosity and filter out easily. High viscosity index sustain oil layers at wide range of temperature condition. Superior anti-wear properties provide boundary lubrication at high temperature to avoid metal-to-metal contact. | advantages: High oxidation stability and good filterability tend to avoid reduction of hydro-carbon molecule of oil which result in maintain viscosity and filter out easily. High viscosity index sustain oil layers at wide range of temperature condition. Superior anti-wear properties provide boundary lubrication at high temperature to avoid metal-to-metal contact. | High oxidation stability and good filterability tend to avoid reduction of hydro-carbon molecule of oil which result in maintain viscosity and filter out easily. High viscosity index sustain oil layers at wide range of temperature condition. Superior anti-wear properties provide boundary lubrication at high temperature to avoid metal-to-metal contact.","These products are extensively used as screw compressor oil particularly in ELGI and ATLAS COPCO make screw compressors. For high speed and moderate pressure, recommended the ISO VG 68 or 100 Viscosity oil. ISO VG 150, 220 are well suited for high pressure and temperature applications.","PENSOL AIRPRESS is premium quality high viscosity compressor oil made out of turbine oil base stock and selected additives. Balance combination of additives and premium grade base oil helps to perform well in harsh conditions. This product has outstanding lubricating characteristics with anti-wear properties, excellent oxidation stability and high FZG rating.","https://pensol.com/AIRPRESS.html","https://pensol.com/img/oil_barrel.jpg"
"PENFRIZ","Pensol","PENSOL INDUSTRIES LIMITED","Hind Motors","Refrigeration Oil","PENFRIZ","","","","","","","Advantages: Low wax contents help to maintain excellent flow in low temperature operations. Increase rate of heat transfer for optimum system efficiency. Good chemical stability with refrigerant provide long service life. Multi-purpose lubricants suitability for the lubrication of both cylinder and bearings. | advantages: Low wax contents help to maintain excellent flow in low temperature operations. Increase rate of heat transfer for optimum system efficiency. Good chemical stability with refrigerant provide long service life. Multi-purpose lubricants suitability for the lubrication of both cylinder and bearings. | Low wax contents help to maintain excellent flow in low temperature operations. Increase rate of heat transfer for optimum system efficiency. Good chemical stability with refrigerant provide long service life. Multi-purpose lubricants suitability for the lubrication of both cylinder and bearings.","It is recommended for large industrial reciprocating and rotary refrigeration compressors. It can use in industrial applications such as food freezing and cold storage plant. It is well perform in marine refrigeration applications.","PENSOL PENFRIZ is high performance naphthenic mineral oils primarily intended for use in refrigeration compressors. These products have low pour point and excellent fluidity at very low temperatures by virtue of being almost wax-free. Consequently, use of these oils helps to ensure that evaporator tubes are kept clean to improve heat transfer and to reduce maintenance downtime.","https://pensol.com/PENFRIZ.html","https://pensol.com/img/oil_barrel.jpg"
"CIRCULATING HYD","Pensol","PENSOL INDUSTRIES LIMITED","Hind Motors","Circulating Oil","CIRCULATING HYD","","","","","","","Advantages: Good chemical stability and resistance to foaming, corrosion helps to avoid foaming issue & corrosion. Good thermal and oxidation resistance reduce thermal breakdown along with viscosity changes, cause to sludge and varnish formation. Better demulsibility properties separate water as soon as it gets into the systems. | advantages: Good chemical stability and resistance to foaming, corrosion helps to avoid foaming issue & corrosion. Good thermal and oxidation resistance reduce thermal breakdown along with viscosity changes, cause to sludge and varnish formation. Better demulsibility properties separate water as soon as it gets into the systems. | Good chemical stability and resistance to foaming, corrosion helps to avoid foaming issue & corrosion. Good thermal and oxidation resistance reduce thermal breakdown along with viscosity changes, cause to sludge and varnish formation. Better demulsibility properties separate water as soon as it gets into the systems.","It is recommended for machine circulation systems, oil lubricated plain, rolling element bearings and roll-neck bearings. It can be used in low or moderately loaded enclosed gearboxes and ZF power steering gear boxes.","PENSOL CIRCULATING HYD is premium quality mineral oil blended with carefully selected additives for use in circulation systems and certain other industrial applications that do not require oils with EP properties.","https://pensol.com/CIRCULATING_HYD.html","https://pensol.com/img/oil_barrel.jpg"
"AP-LR 30000 ® GREASE","Pensol","PENSOL INDUSTRIES LIMITED","Hind Motors","Greases","AP-LR 30000 ® GREASE","","","","","","","Advantages: Complete protection to anti-friction bearing. Thermo-oxidative and structural stability. Exceptional load bearing capability. | advantages: Complete protection to anti-friction bearing. Thermo-oxidative and structural stability. Exceptional load bearing capability. | Complete protection to anti-friction bearing. Thermo-oxidative and structural stability. Exceptional load bearing capability.","It is suitable for ball and roller bearing lubrication, where long life and trouble free performance are the key requirements. It is recommended for the high load and speed applications. Its adhesiveness helps to retain for longer time. This greases is widely used in automotive, industrial segments for high temperature and speed applications.","PENSOL AP-LR 30000 is modified lithium soap based high temperature, water resistant long life grease. It is manufactured from high quality base stocks, special blend of lithium & calcium soaps and fortified with superior performance additives. This product is premium quality multi-purpose grease of NLGI 3 consistency.","https://pensol.com/AP_LR_30000.html","https://pensol.com/img/grease_barrel.jpg"
"AP GREASE","Pensol","PENSOL INDUSTRIES LIMITED","Hind Motors","Greases","AP GREASE","","","","","","","Advantages: Excellent shear stability with high drop point and oxidation stability increases the re-greasing interval, reduce grease consumption and downtime. Excellent thickener and premium base oil combination helps to lubricate at higher temperature and reduce wear of components. Result in increases bearings life. Outstanding water repelling property tends to separate water in free form and avoid corrosion of components, bearings. | advantages: Excellent shear stability with high drop point and oxidation stability increases the re-greasing interval, reduce grease consumption and downtime. Excellent thickener and premium base oil combination helps to lubricate at higher temperature and reduce wear of components. Result in increases bearings life. Outstanding water repelling property tends to separate water in free form and avoid corrosion of components, bearings. | Excellent shear stability with high drop point and oxidation stability increases the re-greasing interval, reduce grease consumption and downtime. Excellent thickener and premium base oil combination helps to lubricate at higher temperature and reduce wear of components. Result in increases bearings life. Outstanding water repelling property tends to separate water in free form and avoid corrosion of components, bearings.","These products are suitable for ball and roller bearing lubrication, moderate load and speed applications where long life and trouble free performance are the key requirements. Pensol AP 0 and AP 1 are suitable for centralize lubrication applications. These greases are widely used in automotive, industrial segments for multi-purpose applications. This grease is also approved by ACE for their equipment bearing lubrications.","PENSOL AP is unique lithium base multi-purpose grease manufactured from highly refined, high viscosity index base oils. These greases contains anti-oxidant, anti-rust and anti-wear additives. These greases are available in NLGI 0, 1, 2 and 3 consistencies.","https://pensol.com/AP_GREASE.html","https://pensol.com/img/grease_barrel.jpg"
"LITHONEX GREASE","Pensol","PENSOL INDUSTRIES LIMITED","Hind Motors","Greases","LITHONEX GREASE","","","","","","","Advantages: Excellent water repellant characteristics assure proper lubrication and protection even in the most severe water exposure conditions. Extreme load carrying capacities provide better protection of lubricated equipment, even under conditions of high sliding and load applications. High structure stability and excellent grease tenacity reduces leakage along with extension of re-lubrication intervals. | advantages: Excellent water repellant characteristics assure proper lubrication and protection even in the most severe water exposure conditions. Extreme load carrying capacities provide better protection of lubricated equipment, even under conditions of high sliding and load applications. High structure stability and excellent grease tenacity reduces leakage along with extension of re-lubrication intervals. | Excellent water repellant characteristics assure proper lubrication and protection even in the most severe water exposure conditions. Extreme load carrying capacities provide better protection of lubricated equipment, even under conditions of high sliding and load applications. High structure stability and excellent grease tenacity reduces leakage along with extension of re-lubrication intervals.","These are suitable for plain & antifriction bearings of industrial machinery used in Sugar Mills, Textiles Mills, Paper Mills, and Heavy Engineering Units. Also recommended for Mining, Chemical Industries, Steel Plants, etc., where contacting surfaces are subjected or exposed to heavy pressure and shock loads. They also perform well in water ingression condition like paper plant, steel rolling mill applications etc.","PENSOL LITHONEX is lithium base grease having excellent extreme pressure properties. These greases also contain anti-oxidant, anti-rust properties and have better shear stability, high load carrying capacity with anti-weld properties. The EP additive provides excellent film stability to withstand shock load fatigue stresses and thereby extend the service life of lubricated parts. These are available in NLGI 1, 2 and 3 consistencies.","https://pensol.com/LITHONEX.html","https://pensol.com/img/grease_barrel.jpg"
"ARCOM GREASE","Pensol","PENSOL INDUSTRIES LIMITED","Hind Motors","Greases","ARCOM GREASE","","","","","","","Advantages: Super formulation between premium base oil and highly stable thickener increase the re-greasing interval reduces grease consumption and downtime. Excellent resistance to water wash out maintain grease under the water presence reduce the corrosion and wear of bearings, reduces grease consumption and breakdown. Compounded with finely dispersed micronized Molybdenum Disulphide (MOS2) and best anti-scuffing characteristics provide better the productivity in critical applications where the load is high. | advantages: Super formulation between premium base oil and highly stable thickener increase the re-greasing interval reduces grease consumption and downtime. Excellent resistance to water wash out maintain grease under the water presence reduce the corrosion and wear of bearings, reduces grease consumption and breakdown. Compounded with finely dispersed micronized Molybdenum Disulphide (MOS2) and best anti-scuffing characteristics provide better the productivity in critical applications where the load is high. | Super formulation between premium base oil and highly stable thickener increase the re-greasing interval reduces grease consumption and downtime. Excellent resistance to water wash out maintain grease under the water presence reduce the corrosion and wear of bearings, reduces grease consumption and breakdown. Compounded with finely dispersed micronized Molybdenum Disulphide (MOS2) and best anti-scuffing characteristics provide better the productivity in critical applications where the load is high.","It is recommended for ball and roller bearing lubrication to provide long life and trouble free performances. These greases are widely used in automotive, industrial segments for high temperature and speed applications. These greases perform well in machine elements, plain bearings and anti-friction bearings operating at high temperature between 120°C to 250°C.","PENSOL ARCOM is non-soap and non-melting type grease having smooth structure and ability to withstand high temperature and severe shock load conditions. These are compounded with finely dispersed micronized Molybdenum Disulphide (MOS2), a very effective solid lubricant of high purity (about 98%) with extremely good anti-scuffing characteristics and extreme pressure additives and therefore has high load bearing ability.","https://pensol.com/ARCOM.html","https://pensol.com/img/grease_barrel.jpg"
"GINNING GREASE","Pensol","PENSOL INDUSTRIES LIMITED","Hind Motors","Greases","GINNING GREASE","","","","","","","Advantages: Better shear stability reduces leakage at high speed and high load. High dropping point helps to protect bearing at high temperature and extended the equipment life, avoid any unwanted downtime. An anti-rusting property extends the bearing life through reduction in the rusting of bearings while in moisture conditions or where water ingression is more. | advantages: Better shear stability reduces leakage at high speed and high load. High dropping point helps to protect bearing at high temperature and extended the equipment life, avoid any unwanted downtime. An anti-rusting property extends the bearing life through reduction in the rusting of bearings while in moisture conditions or where water ingression is more. | Better shear stability reduces leakage at high speed and high load. High dropping point helps to protect bearing at high temperature and extended the equipment life, avoid any unwanted downtime. An anti-rusting property extends the bearing life through reduction in the rusting of bearings while in moisture conditions or where water ingression is more.","It is specially formulated for cotton ginning units keeping in consideration the typical conditions under which they operate.","PENSOL GINNING is sodium thickener base grease formulated with selected base oils and chemical additives to ensure required shear stability, anti-rust and anti-oxidant properties. It helps to extend the re-lubrication interval and equipment life.","https://pensol.com/GINNING.html","https://pensol.com/img/grease_barrel.jpg"
"STAYCUT N","Pensol","PENSOL INDUSTRIES LIMITED","Hind Motors","Metal Working Fluid","STAYCUT N","","","","","","","Advantages: Perform well under the extreme pressure application due to its compound behavior. Reduce the smell during the operation and make visible the operation. Maintain the viscosity over the wide range of operations and remove the heat easily, compatible with work piece metallurgy. | advantages: Perform well under the extreme pressure application due to its compound behavior. Reduce the smell during the operation and make visible the operation. Maintain the viscosity over the wide range of operations and remove the heat easily, compatible with work piece metallurgy. | Perform well under the extreme pressure application due to its compound behavior. Reduce the smell during the operation and make visible the operation. Maintain the viscosity over the wide range of operations and remove the heat easily, compatible with work piece metallurgy.","It is recommended for ferrous as well as non-ferrous metals and repetitive machining operation of less severe nature on automatics. It also recommended for free cutting on Mild Steel, which involve high spindle speed and short cycle time, particularly on screw automats, capstan and turret lathes. This oil can be used for gear hobbling and screw cutting also.","PENSOL STAYCUT N oil is non-staining cutting oils blended from High Viscosity Index base oil and contains sulfurized fatty materials. It enhances its free flowing and heat dissipation characteristics along with anti-weld and EP additives.","https://pensol.com/STAYCUT_N.html","https://pensol.com/img/oil_barrel.jpg"
"STAYCUT S","Pensol","PENSOL INDUSTRIES LIMITED","Hind Motors","Metal Working Fluid","STAYCUT S","","","","","","","Advantages: Highly stable milky white emission up to 400 ppm hard water, Superior cooling property and lubricant strength give better cooling properties which remove heat easily and avoid cheap welding. Rust inhibitors with anti-corrosion properties tend to increase material life, avoid quality fail. Universal oil for all the major cutting application result in reduce inventory. | advantages: Highly stable milky white emission up to 400 ppm hard water, Superior cooling property and lubricant strength give better cooling properties which remove heat easily and avoid cheap welding. Rust inhibitors with anti-corrosion properties tend to increase material life, avoid quality fail. Universal oil for all the major cutting application result in reduce inventory. | Highly stable milky white emission up to 400 ppm hard water, Superior cooling property and lubricant strength give better cooling properties which remove heat easily and avoid cheap welding. Rust inhibitors with anti-corrosion properties tend to increase material life, avoid quality fail. Universal oil for all the major cutting application result in reduce inventory.","It is recommended for metal cutting, turning, boring, threading, drilling, shaping, grinding, & milling operations on metals such as Cast Iron, Alloy Steel, Stainless Steel, Copper, Bronze, Brass, Aluminum, other Alloys and hard metals. Dilution condition depends on the nature and severity under operation. It is recommended for 5-15% concentrations.","PENSOL STAYCUT S is a general purpose soluble cutting oils of the non - EP additives formulated by using mineral base oils, emulsifier and bactericide. This gives a stable milky emulsion. It perform well in wide range of metal working operations.","https://pensol.com/STAYCUT_S.html","https://pensol.com/img/oil_barrel.jpg"
"TRANSLAKE","Pensol","PENSOL INDUSTRIES LIMITED","Hind Motors","Quenching Oil","TRANSLAKE","","","","","","","Advantages: Good thermal properties reduce molecular cracking at extreme temperature, make it suitable for high temperature application like quenching process. High flash and fire point avoid situation of explosion, provide safe working environments for worker. Good oxidation and chemical stability inhibits oxidation and thickening of oil, result in increases the heat transfer throughout the operation. | advantages: Good thermal properties reduce molecular cracking at extreme temperature, make it suitable for high temperature application like quenching process. High flash and fire point avoid situation of explosion, provide safe working environments for worker. Good oxidation and chemical stability inhibits oxidation and thickening of oil, result in increases the heat transfer throughout the operation. | Good thermal properties reduce molecular cracking at extreme temperature, make it suitable for high temperature application like quenching process. High flash and fire point avoid situation of explosion, provide safe working environments for worker. Good oxidation and chemical stability inhibits oxidation and thickening of oil, result in increases the heat transfer throughout the operation.","It is useful for hardening nuts, bolts, ball bearings and certain types of brake drums as well as many other components manufactured by automobile and light engineering industries. It is recommended for general purpose quenching of components and particularly suitable for quenching of cyanided parts and situations where lower quenching speed is desired.","PENSOL TRANSLAKE is a general purpose quenching oil for metal quenching operations and blended with high Viscosity Index base stocks. It also has good oxidation stability, good fluidity and low volatility.","https://pensol.com/TRANSLAKE.html","https://pensol.com/img/oil_barrel.jpg"
"THERMIC FLUID","Pensol","PENSOL INDUSTRIES LIMITED","Hind Motors","Thermic Fluid","THERMIC FLUID","","","","","","","Advantages: Higher the specific heat increases the efficiency of heating medium. Better oxidation and thermal stability reduce thermal cracking and sludge formation, result in maintain oil viscosity and extended the oil life. Non-corrosive and high solvency reduces deposit formation. | advantages: Higher the specific heat increases the efficiency of heating medium. Better oxidation and thermal stability reduce thermal cracking and sludge formation, result in maintain oil viscosity and extended the oil life. Non-corrosive and high solvency reduces deposit formation. | Higher the specific heat increases the efficiency of heating medium. Better oxidation and thermal stability reduce thermal cracking and sludge formation, result in maintain oil viscosity and extended the oil life. Non-corrosive and high solvency reduces deposit formation.","These products are suitable for a maximum bulk oil temperature 280°C and 320°C for enclosed circulated heat transfer systems in process industry, chemical plants, textile producers etc. It can be used in high temperature continuous heat transfer equipment with applications maximum film 340 °C and bulk temperature 320 °C.","PENSOL THERMIC FLUID is innovatively formulated with premium grade base oil and uniform additive package. It is based on carefully selected highly refined mineral oils chosen for their ability to provide superior performance in indirect closed fluid heat transfer systems.","https://pensol.com/THERMIC_FLUID_L_&_A.html","https://pensol.com/img/oil_barrel.jpg"
"RUST COAT","Pensol","PENSOL INDUSTRIES LIMITED","Hind Motors","Rust Preventive Oil","RUST COAT","","","","","","","Advantages: Non-Staining fluid form uniform layer over the metal surfaces and doesn’t react with metal surface, cause stain. Solvent soluble, easily remove by solvent to avoid handling and cleaning issue. Thin uniform layer protects metal component and avoid corrosion. | advantages: Non-Staining fluid form uniform layer over the metal surfaces and doesn’t react with metal surface, cause stain. Solvent soluble, easily remove by solvent to avoid handling and cleaning issue. Thin uniform layer protects metal component and avoid corrosion. | Non-Staining fluid form uniform layer over the metal surfaces and doesn’t react with metal surface, cause stain. Solvent soluble, easily remove by solvent to avoid handling and cleaning issue. Thin uniform layer protects metal component and avoid corrosion.","This oil is equally suitable for inter process waiting periods in the plant and also on interior surface where elaborated protection is necessary. It is suitable for all types of MS and its alloys in different forms, shapes and sizes. This may be applied by dipping, spraying or by manual application. The film thickness varies from 2 - 4 micron depending upon the method of applications.","PENSOL RUST COAT is a blend of unique rust preventive material in a mineral base oil for ease of application. It contains film forming ingredients, rust inhibitors and water displacing additives. On evaporation of solvent, thin and soft film is obtained, which displace all traces of moisture from the surface of the components being coated.","https://pensol.com/RUST_COAT.html","https://pensol.com/img/oil_barrel.jpg"
"RUST COAT W","Pensol","PENSOL INDUSTRIES LIMITED","Hind Motors","Rust Preventive Oil","RUST COAT W","","","","","","","Advantages: Non-Staining fluid form uniform layer over the metal surfaces and doesn’t react with metal surface, cause stain. Class B solvent type products, it helps to avoid any explosion hazardous by suppressing the flammable liquid. Solvent soluble so it can easily remove by solvent to avoid handling and cleaning issue. Thin uniform layer provide complete protection to metal component. | advantages: Non-Staining fluid form uniform layer over the metal surfaces and doesn’t react with metal surface, cause stain. Class B solvent type products, it helps to avoid any explosion hazardous by suppressing the flammable liquid. Solvent soluble so it can easily remove by solvent to avoid handling and cleaning issue. Thin uniform layer provide complete protection to metal component. | Non-Staining fluid form uniform layer over the metal surfaces and doesn’t react with metal surface, cause stain. Class B solvent type products, it helps to avoid any explosion hazardous by suppressing the flammable liquid. Solvent soluble so it can easily remove by solvent to avoid handling and cleaning issue. Thin uniform layer provide complete protection to metal component.","This oil protect during inter process waiting periods in the plant on the interior surface where elaborated protection is necessary. It is suitable for all types of MS and its alloys in different forms, shapes and sizes. The film thickness form varies from 2 - 4 micron to protect components from 2 - 6 months depending on the weather and packing conditions.","PENSOL RUST COAT W is a powerful solvent deposited corrosion preventive with excellent dewatering properties. It can be applied by brushing or spraying; its dewatering action is most effective if the article to be protected can be immersed in deep tank. Effectively suppresses fingerprint corrosion on bight steel and finely finished metal components during manufacturing.","https://pensol.com/RUST_COAT_W.html","https://pensol.com/img/oil_barrel.jpg"
"PENSOLINE","Pensol","PENSOL INDUSTRIES LIMITED","Hind Motors","Special Grade Machinery Oil","PENSOLINE","","","","","","","Advantages: Better Lubricity provide better oil layer under boundary lubrication. Rust inhibitor with anti-corrosive additive avoids the corrosive acids contact to metal. Premium quality base oil sustains thin film of oil under light and medium loads. | advantages: Better Lubricity provide better oil layer under boundary lubrication. Rust inhibitor with anti-corrosive additive avoids the corrosive acids contact to metal. Premium quality base oil sustains thin film of oil under light and medium loads. | Better Lubricity provide better oil layer under boundary lubrication. Rust inhibitor with anti-corrosive additive avoids the corrosive acids contact to metal. Premium quality base oil sustains thin film of oil under light and medium loads.","It is recommended for use in lubrication system of machine tools, textile machinery, guide rails of crusher conveyor and all other mechanical parts that require thin film lubrication.","PENSOL PENSOLINE is innovatively formulated premium grade base oil and uniform additive package. Its balance formulation helps to maintain sustainable oil layer over the period. Due to adhesive toward the metal components form the uniform films. It is special machinery oil that contains film strength and anti-rust additives.","https://pensol.com/PENSOLINE.html","https://pensol.com/img/oil_barrel.jpg"
"NEUMATIC 100","Pensol","PENSOL INDUSTRIES LIMITED","Hind Motors","Rock Drill Oil","NEUMATIC 100","","","","","","","Advantages: Tacky characteristics and better lubricity provide lubrication film to provide adequate lubrication. Form protective layer on the metal surface to avoid corrosion. Better demulsibility increase water removal through drain point easily without any emulsion. | advantages: Tacky characteristics and better lubricity provide lubrication film to provide adequate lubrication. Form protective layer on the metal surface to avoid corrosion. Better demulsibility increase water removal through drain point easily without any emulsion. | Tacky characteristics and better lubricity provide lubrication film to provide adequate lubrication. Form protective layer on the metal surface to avoid corrosion. Better demulsibility increase water removal through drain point easily without any emulsion.","It recommended for normal pressure air compressor. Also suitable for low speed air compressor with high discharge pressure.","PENSOL NEUMATIC 100 is Pneumatic Tool Oil fortified with tackiness, anti-wear, extreme pressure, anti-rust additives that form a special compound when it is emulsified with the condensed moisture from the compressed air. This compound has good extreme pressure, anti-rust property to ensure longer life and smooth working of pneumatic tools.","https://pensol.com/NEUMATIC_100.html","https://pensol.com/img/oil_barrel.jpg"
"DIAMOND EX","Pensol","PENSOL INDUSTRIES LIMITED","Hind Motors","Diesel Engine Oil","DIAMOND EX","","","","","","","Advantages: Outstanding protection against viscosity and thermal breakdown. Superior performance over a wide range of fuel sulfur content. Superior deposit control & oxidation stability. | advantages: Outstanding protection against viscosity and thermal breakdown. Superior performance over a wide range of fuel sulfur content. Superior deposit control & oxidation stability. | Outstanding protection against viscosity and thermal breakdown. Superior performance over a wide range of fuel sulfur content. Superior deposit control & oxidation stability.","It is recommended for trucks and buses of TELCO, Leyland, HM, Eicher, Mahindra, Swaraj etc. It also suitable for all super charged and turbo charged diesel engines, naturally aspirated engines, construction equipments and power generating engines. It is used in variety of off highway applications.","PENSOL DIAMOND EX is special engineered for heavy duty diesel and gasoline engines operating under all service conditions. This is multi grade oil of high viscosity index base oil and a unique blend of detergents, dispersants, antioxidants and friction modifiers to provide superior performance & protection. It provides oil consumption control, protection against low & high temperature deposits and has outstanding anti-wear characteristics.","https://pensol.com/DIAMOND_EX.html","https://pensol.com/img/oil_barrel.jpg"
"PLATINUM EX","Pensol","PENSOL INDUSTRIES LIMITED","Hind Motors","Diesel Engine Oil","PLATINUM EX","","","","","","","Advantages: Protects engine from rust, corrosion and helps engine remain clean . Excellent shear stability to maintain viscosity under severe high temperature operations. Longer engine life due to excellent anti-wear properties. | advantages: Protects engine from rust, corrosion and helps engine remain clean . Excellent shear stability to maintain viscosity under severe high temperature operations. Longer engine life due to excellent anti-wear properties. | Protects engine from rust, corrosion and helps engine remain clean . Excellent shear stability to maintain viscosity under severe high temperature operations. Longer engine life due to excellent anti-wear properties.","It is recommended for New Generation Diesel vehicles of latest designs such as caterpillar and Cummins operating on Heavy Duty on Highway and off-highway applications. It also recommended for engine with catalytic converter, heavy-duty vehicle.","PENSOL PLATINUM EX is superior grade diesel engine oil having excellent shear stability characteristics, specially formulated to serve the performance requirements of both new generation & older engines types. It is blended from selected base stock and advanced additives to provide utmost engine protection and extended oil drain intervals.","https://pensol.com/PLATINUM_EX.html","https://pensol.com/img/oil_barrel.jpg"
"TRANSFLUID","Pensol","PENSOL INDUSTRIES LIMITED","Hind Motors","AXLE & TRANSMISSION OIL","TRANSFLUID","","","","","","","Advantages: Reduces the friction and wear-tear of components for longer equipment life . High Specific Heat keep system cool and work properly, reduce downtime due to overheating. Compatible with seal elastomers reduce leakage and increase seal life. | advantages: Reduces the friction and wear-tear of components for longer equipment life . High Specific Heat keep system cool and work properly, reduce downtime due to overheating. Compatible with seal elastomers reduce leakage and increase seal life. | Reduces the friction and wear-tear of components for longer equipment life . High Specific Heat keep system cool and work properly, reduce downtime due to overheating. Compatible with seal elastomers reduce leakage and increase seal life.","Pensol Transfluid SAE 10W / SAE 30 oils are recommended for use in all commercial power shift transmissions, industrial torque converters and automatic transmission requiring Allison C-4 Oils","PENSOL TRANSFLUID have been formulated to ensure proper power transmission by controlling foaming characteristics and air entertainment during the operation. It provides excellent oxidation stability under sever working condition and has superior non-asbestos clutch friction properties. It has fluoro-plastomer seal compatibility and passes more demanding anti-foam with anti-copper corrosion requirements.","https://pensol.com/TRANSFLUID.html","https://pensol.com/img/oil_barrel.jpg"
"SPINWELL","Pensol","PENSOL INDUSTRIES LIMITED","Hind Motors","Spinning Oil","SPINWELL","","","","","","","Advantages: Chemical stable premium oils are stable for longer time. Rust Inhibitor additive avoid rusting and increase component life, also reduce component replacement cost. Clean and transparent base helps to give excellent visibility during the operations. | advantages: Chemical stable premium oils are stable for longer time. Rust Inhibitor additive avoid rusting and increase component life, also reduce component replacement cost. Clean and transparent base helps to give excellent visibility during the operations. | Chemical stable premium oils are stable for longer time. Rust Inhibitor additive avoid rusting and increase component life, also reduce component replacement cost. Clean and transparent base helps to give excellent visibility during the operations.","These products are recommended for all spinning and textile mills for lubrication of bearings of high speed spindles. It is suitable for timing gears, positive displacement blowers and tracer mechanism and also for hydraulic system of precision machine tools.","PENSOL SPINWELL is premium oil blended from highly refined base stocks. These oils have anti-oxidant, anti-wear, anti-rust and de-foaming additives for the complete protection of parts coming in contact during its use at high speed operation of the spindles in textiles units.","https://pensol.com/SPINWELL.html","https://pensol.com/img/oil_barrel.jpg"
"PENGOLD","Pensol","PENSOL INDUSTRIES LIMITED","Hind Motors","Others","PENGOLD","","","","","","","Advantages: High oxidation stability and good filterability helps to increase the oil drain interval and keep systems clean. A good anti-foaming property inhibits cavitation issue and increase equipment life. An excellent anti-rust property reduces the replacement of components. | advantages: High oxidation stability and good filterability helps to increase the oil drain interval and keep systems clean. A good anti-foaming property inhibits cavitation issue and increase equipment life. An excellent anti-rust property reduces the replacement of components. | High oxidation stability and good filterability helps to increase the oil drain interval and keep systems clean. A good anti-foaming property inhibits cavitation issue and increase equipment life. An excellent anti-rust property reduces the replacement of components.","These products may be used in reciprocating air compressors where the air discharge temperature is below 200°C. These products perform well in stationary slow speed diesel engines where non detergent oils are recommended. These products perform well in general lubrication like bushes, open gears; open bearings provided correct viscosity is chosen.","PENSOL PENGOLD is multipurpose oil suitable for many applications and are made out of highly refined solvent base stocks and chemical additives like antioxidant, anti-wear, anti-rust and defoaming agent etc. It is approved for the code R8 R9 of ECB 573/2 of Atlas Capco compressor.","https://pensol.com/PENGOLD.html","https://pensol.com/img/oil_barrel.jpg"
"PENCOAT","Pensol","PENSOL INDUSTRIES LIMITED","Hind Motors","Others","PENCOAT","","","","","","","Advantages: Reduces the friction and wear-tear of components at high load condition of gears. Stay in place for longer duration under the high load and high speed conditions. Provide lubrication at elevated and no accessible place for longer time. | advantages: Reduces the friction and wear-tear of components at high load condition of gears. Stay in place for longer duration under the high load and high speed conditions. Provide lubrication at elevated and no accessible place for longer time. | Reduces the friction and wear-tear of components at high load condition of gears. Stay in place for longer duration under the high load and high speed conditions. Provide lubrication at elevated and no accessible place for longer time.","It is recommended for open gear, wire rope and chain drive lubricant used for the lubrication of kiln tires operating at high temperatures in Cement and Chemical plants. This compound should not be used in food processing industry.","PENSOL PENCOAT is a bituminous black open gear compound lubricant with special tackiness agent, which reduces oil consumption and friction of valuable parts. This compound has good load carrying ability and is recommended for open gear, wire rope and chain drive lubricant used for the lubrication of kiln tires operating at high temperatures in Cement and Chemical plants.","https://pensol.com/PENCOAT.html","https://pensol.com/img/oil_barrel.jpg"
"ULTRA","Pensol","PENSOL INDUSTRIES LIMITED","Hind Motors","Others","ULTRA","","","","","","","Advantages: High oxidation stability reduces oxidation rate, sludge and varnish formation, it helps to maintain viscosity for longer durations. Low temperature fluidity provide lubrication layer in cold weather. A good antifoaming characteristic reduces foam formation in oil during the churning operations. | advantages: High oxidation stability reduces oxidation rate, sludge and varnish formation, it helps to maintain viscosity for longer durations. Low temperature fluidity provide lubrication layer in cold weather. A good antifoaming characteristic reduces foam formation in oil during the churning operations. | High oxidation stability reduces oxidation rate, sludge and varnish formation, it helps to maintain viscosity for longer durations. Low temperature fluidity provide lubrication layer in cold weather. A good antifoaming characteristic reduces foam formation in oil during the churning operations.","It is used as a Hydraulic fluid in Caterpillar Transmission Systems. Ultra series oils are specially designed for severe diesel engine operation of earthmovers and off highway vehicle.","PENSOL ULTRA is made from selected solvent refined base stocks and chemical additives. Balance formulation helps to achieve the desired level of performance. It provides better lubrication at high load condition even though temperature increases.","https://pensol.com/ULTRA.html","https://pensol.com/img/oil_barrel.jpg"
"MILL LUBE HT 45","Pensol","PENSOL INDUSTRIES LIMITED","Hind Motors","Greases","MILL LUBE HT 45","","","","","","","Advantages: Exceptional water and temperature resistance Excellent shear stability and anti-weld properties Sustains high temperature & water repellence Sustains shock loads | advantages: Exceptional water and temperature resistance Excellent shear stability and anti-weld properties Sustains high temperature & water repellence Sustains shock loads | Exceptional water and temperature resistance Exceptional water and temperature resistance Excellent shear stability and anti-weld properties Sustains high temperature & water repellence Sustains shock loads","This product is ideally suited for applications in Steel Plants, Mining and Mining Industries. It is also suitable for applications like Rolling Mill and WRM Stand bearing lubrications, Pallet Car Wheel Bearing Lubrication and CRM Work Roll Bearing Lubrications etc..","MILL LUBE HT 45 is a unique lithium complex grease manufactured from highly refined, high viscosity index base oils. Its exceptionally high water resistance and very high dropping points over 280 °C give them excellent resistance to leakage, dripping and throw off at elevated operating temperatures. These Greases are suitable for high temperature applications.","https://pensol.com/MILL_LUBE_HT_45.html","https://pensol.com/img/grease_barrel.jpg"
"MILL LUBE HT 25","Pensol","PENSOL INDUSTRIES LIMITED","Hind Motors","Greases","MILL LUBE HT 25","","","","","","","Advantages: Good water resistance and temperature resistance Resist shock loads Good anti-weld properties and shear stability | advantages: Good water resistance and temperature resistance Resist shock loads Good anti-weld properties and shear stability | Good water resistance and temperature resistance Resist shock loads Good anti-weld properties and shear stability","This product is suitable for ball and roller bearing lubrication, where long life and trouble free performance are the key requirements. It is ideally suited for applications in Steel Plants, Mining & Engineering Industries.","MILL LUBE HT 25 is a unique lithium complex grease manufactured from highly refined base oils. Their exceptionally high water resistance and very high dropping points over 180 °C give them excellent resistance to leakage, dripping and throw off at elevated operating temperatures. They possess outstanding oxidation and mechanical stability, water resistance and rust protection properties. These Greases are suitable for high temperature applications up to 150°C.","https://pensol.com/MILL_LUBE_HT_25.html","https://pensol.com/img/grease_barrel.jpg"
"MILL LUBE LC 23","Pensol","PENSOL INDUSTRIES LIMITED","Hind Motors","Greases","MILL LUBE LC 23","","","","","","","Advantages: Excellent product stability under both in service and storage conditions. Superior corrosion protection and good extreme pressure properties enhancing component life and reduce maintenance cost. High resistance and high drop point ensures optimum performance under severe operating applications. | advantages: Excellent product stability under both in service and storage conditions. Superior corrosion protection and good extreme pressure properties enhancing component life and reduce maintenance cost. High resistance and high drop point ensures optimum performance under severe operating applications. | Excellent product stability under both in service and storage conditions. Superior corrosion protection and good extreme pressure properties enhancing component life and reduce maintenance cost. High resistance and high drop point ensures optimum performance under severe operating applications.","This product is suitable for ball and roller bearing lubrication, where long life and trouble free performance are the key requirements. It is ideally suited for applications in all general engineering applications, conveyor hearings, Motor bearings, Mining & off highway equipments.","MILL LUBE LC 23 is a unique lithium complex grease and its water resistance and high dropping points over 150 °C provide resistance to leakage, dripping and throw in high speed and low load applications.","https://pensol.com/MILL_LUBE_LC_23.html","https://pensol.com/img/grease_barrel.jpg"
"ROCK DRILL","Pensol","PENSOL INDUSTRIES LIMITED","Hind Motors","Rock Drill Oil","ROCK DRILL","","","","","","","Advantages: Tacky characteristics and better lubricity provide lubrication film to provide adequate lubrication. Form protective layer on the metal surface to avoid corrosion. Better demulsibility increase water removal through drain point easily without any emulsion. | advantages: Tacky characteristics and better lubricity provide lubrication film to provide adequate lubrication. Form protective layer on the metal surface to avoid corrosion. Better demulsibility increase water removal through drain point easily without any emulsion. | Tacky characteristics and better lubricity provide lubrication film to provide adequate lubrication. Form protective layer on the metal surface to avoid corrosion. Better demulsibility increase water removal through drain point easily without any emulsion.","It recommended for normal pressure air compressor. Also suitable for low speed air compressor with high discharge pressure.","PENSOL ROCK DRILL is Pneumatic Tool Oil fortified with tackiness, anti-wear, extreme pressure, anti-rust additives that form a special compound when it is emulsified with the condensed moisture from the compressed air. This compound has good extreme pressure, anti-rust property to ensure longer life and smooth working of pneumatic tools.","https://pensol.com/ROCK_DRILL.html","https://pensol.com/img/oil_barrel.jpg"
"GEAR TX","Pensol","PENSOL INDUSTRIES LIMITED","Hind Motors","AXLE & TRANSMISSION OIL","GEAR TX","","","","","","","Advantages: Extended gear and bearing life due to minimal deposits and longer seal life. Good anti–foam properties ensures strength for effective lubrication. Outstanding low temperature fluidity reduces wear at start–up and helps in smoother shifting at low ambient temperatures. | advantages: Extended gear and bearing life due to minimal deposits and longer seal life. Good anti–foam properties ensures strength for effective lubrication. Outstanding low temperature fluidity reduces wear at start–up and helps in smoother shifting at low ambient temperatures. | Extended gear and bearing life due to minimal deposits and longer seal life. Good anti–foam properties ensures strength for effective lubrication. Outstanding low temperature fluidity reduces wear at start–up and helps in smoother shifting at low ambient temperatures.","These products are recommended for all types of manual and automatic transmission systems of new generation Heavy/Light duty vehicles. Also suitable for power transmission units operating at sub-zero temperatures.","PENSOL GEAR TX is a high performance gear lubricant formulated from select base oil and an advanced additive system. It ensures a long services life, even under severe gear shifting. It gives excellent chemical and thermal stability along with exceptional load carrying capability to provide reliable lubrication in applications encountering extreme pressure and shock loading. This oil also offers effective protection against oxidation degradation and rust & corrosion.","https://pensol.com/INDUSTRIAL_GEAR_TX.html","https://pensol.com/img/oil_barrel.jpg"
